"runId","provenanceStatus","fixtureId","manifestSha256","implementation","database","dataRoot","executableSha256","sqlMaxPoolSize","sqlConnectionTimeoutSeconds","probeFanOut","launchStaggerMilliseconds","runStartAttestationStatus","runStartDataSha256","runStartMessageSha256","wave","session","ok","timedOut","ms","error","searchResultValid","searchResultCount","searchExactSequence","sortResultValid","sortResultCount","sortExactSequence"
"bdb0685f-dddb-4bfd-8d79-18b45c236313","MANIFEST_BOUND","hmail-perf-pair-service-20260901","06EFCBA9520D478A6DAC7ABB7F09F3B63D015A0CD5ECA1EB4D0FD2CC8C38F9FD","cpp","hmail_perf_pair_cpp_20260831_head3","C:\hmail-perf-pair-service-20260901\cpp\Data","B3DF9E8BBF4BEDB1102C94DF7C86356E1FEABCBC02A18E8EABEB1EA1453D09B8",,,"one TCP client and one sequential IMAP session per sample","0","PASS","45FA907CE0D3797C1E13EBB2F03F076A25656CCE27E801C18F745ACD3944FBBD","5136EEC556F9790732AE759EF52F77FE6172329EA55787A80300C4A824107E46","1","1","True","False","3605.472",,"True","1000","True","True","1000","True"
"bdb0685f-dddb-4bfd-8d79-18b45c236313","MANIFEST_BOUND","hmail-perf-pair-service-20260901","06EFCBA9520D478A6DAC7ABB7F09F3B63D015A0CD5ECA1EB4D0FD2CC8C38F9FD","cpp","hmail_perf_pair_cpp_20260831_head3","C:\hmail-perf-pair-service-20260901\cpp\Data","B3DF9E8BBF4BEDB1102C94DF7C86356E1FEABCBC02A18E8EABEB1EA1453D09B8",,,"one TCP client and one sequential IMAP session per sample","0","PASS","45FA907CE0D3797C1E13EBB2F03F076A25656CCE27E801C18F745ACD3944FBBD","5136EEC556F9790732AE759EF52F77FE6172329EA55787A80300C4A824107E46","1","2","True","False","3109.372",,"True","1000","True","True","1000","True"
"bdb0685f-dddb-4bfd-8d79-18b45c236313","MANIFEST_BOUND","hmail-perf-pair-service-20260901","06EFCBA9520D478A6DAC7ABB7F09F3B63D015A0CD5ECA1EB4D0FD2CC8C38F9FD","cpp","hmail_perf_pair_cpp_20260831_head3","C:\hmail-perf-pair-service-20260901\cpp\Data","B3DF9E8BBF4BEDB1102C94DF7C86356E1FEABCBC02A18E8EABEB1EA1453D09B8",,,"one TCP client and one sequential IMAP session per sample","0","PASS","45FA907CE0D3797C1E13EBB2F03F076A25656CCE27E801C18F745ACD3944FBBD","5136EEC556F9790732AE759EF52F77FE6172329EA55787A80300C4A824107E46","1","3","True","False","2206.387",,"True","1000","True","True","1000","True"
"bdb0685f-dddb-4bfd-8d79-18b45c236313","MANIFEST_BOUND","hmail-perf-pair-service-20260901","06EFCBA9520D478A6DAC7ABB7F09F3B63D015A0CD5ECA1EB4D0FD2CC8C38F9FD","cpp","hmail_perf_pair_cpp_20260831_head3","C:\hmail-perf-pair-service-20260901\cpp\Data","B3DF9E8BBF4BEDB1102C94DF7C86356E1FEABCBC02A18E8EABEB1EA1453D09B8",,,"one TCP client and one sequential IMAP session per sample","0","PASS","45FA907CE0D3797C1E13EBB2F03F076A25656CCE27E801C18F745ACD3944FBBD","5136EEC556F9790732AE759EF52F77FE6172329EA55787A80300C4A824107E46","1","4","True","False","970.782",,"True","1000","True","True","1000","True"
"bdb0685f-dddb-4bfd-8d79-18b45c236313","MANIFEST_BOUND","hmail-perf-pair-service-20260901","06EFCBA9520D478A6DAC7ABB7F09F3B63D015A0CD5ECA1EB4D0FD2CC8C38F9FD","cpp","hmail_perf_pair_cpp_20260831_head3","C:\hmail-perf-pair-service-20260901\cpp\Data","B3DF9E8BBF4BEDB1102C94DF7C86356E1FEABCBC02A18E8EABEB1EA1453D09B8",,,"one TCP client and one sequential IMAP session per sample","0","PASS","45FA907CE0D3797C1E13EBB2F03F076A25656CCE27E801C18F745ACD3944FBBD","5136EEC556F9790732AE759EF52F77FE6172329EA55787A80300C4A824107E46","1","5","True","False","966.714",,"True","1000","True","True","1000","True"
"bdb0685f-dddb-4bfd-8d79-18b45c236313","MANIFEST_BOUND","hmail-perf-pair-service-20260901","06EFCBA9520D478A6DAC7ABB7F09F3B63D015A0CD5ECA1EB4D0FD2CC8C38F9FD","cpp","hmail_perf_pair_cpp_20260831_head3","C:\hmail-perf-pair-service-20260901\cpp\Data","B3DF9E8BBF4BEDB1102C94DF7C86356E1FEABCBC02A18E8EABEB1EA1453D09B8",,,"one TCP client and one sequential IMAP session per sample","0","PASS","45FA907CE0D3797C1E13EBB2F03F076A25656CCE27E801C18F745ACD3944FBBD","5136EEC556F9790732AE759EF52F77FE6172329EA55787A80300C4A824107E46","1","6","True","False","969.066",,"True","1000","True","True","1000","True"
"bdb0685f-dddb-4bfd-8d79-18b45c236313","MANIFEST_BOUND","hmail-perf-pair-service-20260901","06EFCBA9520D478A6DAC7ABB7F09F3B63D015A0CD5ECA1EB4D0FD2CC8C38F9FD","cpp","hmail_perf_pair_cpp_20260831_head3","C:\hmail-perf-pair-service-20260901\cpp\Data","B3DF9E8BBF4BEDB1102C94DF7C86356E1FEABCBC02A18E8EABEB1EA1453D09B8",,,"one TCP client and one sequential IMAP session per sample","0","PASS","45FA907CE0D3797C1E13EBB2F03F076A25656CCE27E801C18F745ACD3944FBBD","5136EEC556F9790732AE759EF52F77FE6172329EA55787A80300C4A824107E46","1","7","True","False","1204.833",,"True","1000","True","True","1000","True"
"bdb0685f-dddb-4bfd-8d79-18b45c236313","MANIFEST_BOUND","hmail-perf-pair-service-20260901","06EFCBA9520D478A6DAC7ABB7F09F3B63D015A0CD5ECA1EB4D0FD2CC8C38F9FD","cpp","hmail_perf_pair_cpp_20260831_head3","C:\hmail-perf-pair-service-20260901\cpp\Data","B3DF9E8BBF4BEDB1102C94DF7C86356E1FEABCBC02A18E8EABEB1EA1453D09B8",,,"one TCP client and one sequential IMAP session per sample","0","PASS","45FA907CE0D3797C1E13EBB2F03F076A25656CCE27E801C18F745ACD3944FBBD","5136EEC556F9790732AE759EF52F77FE6172329EA55787A80300C4A824107E46","1","8","True","False","1394.824",,"True","1000","True","True","1000","True"
"bdb0685f-dddb-4bfd-8d79-18b45c236313","MANIFEST_BOUND","hmail-perf-pair-service-20260901","06EFCBA9520D478A6DAC7ABB7F09F3B63D015A0CD5ECA1EB4D0FD2CC8C38F9FD","cpp","hmail_perf_pair_cpp_20260831_head3","C:\hmail-perf-pair-service-20260901\cpp\Data","B3DF9E8BBF4BEDB1102C94DF7C86356E1FEABCBC02A18E8EABEB1EA1453D09B8",,,"one TCP client and one sequential IMAP session per sample","0","PASS","45FA907CE0D3797C1E13EBB2F03F076A25656CCE27E801C18F745ACD3944FBBD","5136EEC556F9790732AE759EF52F77FE6172329EA55787A80300C4A824107E46","1","9","True","False","2049.638",,"True","1000","True","True","1000","True"
"bdb0685f-dddb-4bfd-8d79-18b45c236313","MANIFEST_BOUND","hmail-perf-pair-service-20260901","06EFCBA9520D478A6DAC7ABB7F09F3B63D015A0CD5ECA1EB4D0FD2CC8C38F9FD","cpp","hmail_perf_pair_cpp_20260831_head3","C:\hmail-perf-pair-service-20260901\cpp\Data","B3DF9E8BBF4BEDB1102C94DF7C86356E1FEABCBC02A18E8EABEB1EA1453D09B8",,,"one TCP client and one sequential IMAP session per sample","0","PASS","45FA907CE0D3797C1E13EBB2F03F076A25656CCE27E801C18F745ACD3944FBBD","5136EEC556F9790732AE759EF52F77FE6172329EA55787A80300C4A824107E46","1","10","True","False","1379.286",,"True","1000","True","True","1000","True"
"bdb0685f-dddb-4bfd-8d79-18b45c236313","MANIFEST_BOUND","hmail-perf-pair-service-20260901","06EFCBA9520D478A6DAC7ABB7F09F3B63D015A0CD5ECA1EB4D0FD2CC8C38F9FD","cpp","hmail_perf_pair_cpp_20260831_head3","C:\hmail-perf-pair-service-20260901\cpp\Data","B3DF9E8BBF4BEDB1102C94DF7C86356E1FEABCBC02A18E8EABEB1EA1453D09B8",,,"one TCP client and one sequential IMAP session per sample","0","PASS","45FA907CE0D3797C1E13EBB2F03F076A25656CCE27E801C18F745ACD3944FBBD","5136EEC556F9790732AE759EF52F77FE6172329EA55787A80300C4A824107E46","1","11","True","False","3021.638",,"True","1000","True","True","1000","True"
"bdb0685f-dddb-4bfd-8d79-18b45c236313","MANIFEST_BOUND","hmail-perf-pair-service-20260901","06EFCBA9520D478A6DAC7ABB7F09F3B63D015A0CD5ECA1EB4D0FD2CC8C38F9FD","cpp","hmail_perf_pair_cpp_20260831_head3","C:\hmail-perf-pair-service-20260901\cpp\Data","B3DF9E8BBF4BEDB1102C94DF7C86356E1FEABCBC02A18E8EABEB1EA1453D09B8",,,"one TCP client and one sequential IMAP session per sample","0","PASS","45FA907CE0D3797C1E13EBB2F03F076A25656CCE27E801C18F745ACD3944FBBD","5136EEC556F9790732AE759EF52F77FE6172329EA55787A80300C4A824107E46","1","12","True","False","2427.675",,"True","1000","True","True","1000","True"
"bdb0685f-dddb-4bfd-8d79-18b45c236313","MANIFEST_BOUND","hmail-perf-pair-service-20260901","06EFCBA9520D478A6DAC7ABB7F09F3B63D015A0CD5ECA1EB4D0FD2CC8C38F9FD","cpp","hmail_perf_pair_cpp_20260831_head3","C:\hmail-perf-pair-service-20260901\cpp\Data","B3DF9E8BBF4BEDB1102C94DF7C86356E1FEABCBC02A18E8EABEB1EA1453D09B8",,,"one TCP client and one sequential IMAP session per sample","0","PASS","45FA907CE0D3797C1E13EBB2F03F076A25656CCE27E801C18F745ACD3944FBBD","5136EEC556F9790732AE759EF52F77FE6172329EA55787A80300C4A824107E46","1","13","True","False","1375.549",,"True","1000","True","True","1000","True"
"bdb0685f-dddb-4bfd-8d79-18b45c236313","MANIFEST_BOUND","hmail-perf-pair-service-20260901","06EFCBA9520D478A6DAC7ABB7F09F3B63D015A0CD5ECA1EB4D0FD2CC8C38F9FD","cpp","hmail_perf_pair_cpp_20260831_head3","C:\hmail-perf-pair-service-20260901\cpp\Data","B3DF9E8BBF4BEDB1102C94DF7C86356E1FEABCBC02A18E8EABEB1EA1453D09B8",,,"one TCP client and one sequential IMAP session per sample","0","PASS","45FA907CE0D3797C1E13EBB2F03F076A25656CCE27E801C18F745ACD3944FBBD","5136EEC556F9790732AE759EF52F77FE6172329EA55787A80300C4A824107E46","1","14","True","False","3121.747",,"True","1000","True","True","1000","True"
"bdb0685f-dddb-4bfd-8d79-18b45c236313","MANIFEST_BOUND","hmail-perf-pair-service-20260901","06EFCBA9520D478A6DAC7ABB7F09F3B63D015A0CD5ECA1EB4D0FD2CC8C38F9FD","cpp","hmail_perf_pair_cpp_20260831_head3","C:\hmail-perf-pair-service-20260901\cpp\Data","B3DF9E8BBF4BEDB1102C94DF7C86356E1FEABCBC02A18E8EABEB1EA1453D09B8",,,"one TCP client and one sequential IMAP session per sample","0","PASS","45FA907CE0D3797C1E13EBB2F03F076A25656CCE27E801C18F745ACD3944FBBD","5136EEC556F9790732AE759EF52F77FE6172329EA55787A80300C4A824107E46","1","15","True","False","4380.454",,"True","1000","True","True","1000","True"
"bdb0685f-dddb-4bfd-8d79-18b45c236313","MANIFEST_BOUND","hmail-perf-pair-service-20260901","06EFCBA9520D478A6DAC7ABB7F09F3B63D015A0CD5ECA1EB4D0FD2CC8C38F9FD","cpp","hmail_perf_pair_cpp_20260831_head3","C:\hmail-perf-pair-service-20260901\cpp\Data","B3DF9E8BBF4BEDB1102C94DF7C86356E1FEABCBC02A18E8EABEB1EA1453D09B8",,,"one TCP client and one sequential IMAP session per sample","0","PASS","45FA907CE0D3797C1E13EBB2F03F076A25656CCE27E801C18F745ACD3944FBBD","5136EEC556F9790732AE759EF52F77FE6172329EA55787A80300C4A824107E46","1","16","True","False","4064.649",,"True","1000","True","True","1000","True"
"bdb0685f-dddb-4bfd-8d79-18b45c236313","MANIFEST_BOUND","hmail-perf-pair-service-20260901","06EFCBA9520D478A6DAC7ABB7F09F3B63D015A0CD5ECA1EB4D0FD2CC8C38F9FD","cpp","hmail_perf_pair_cpp_20260831_head3","C:\hmail-perf-pair-service-20260901\cpp\Data","B3DF9E8BBF4BEDB1102C94DF7C86356E1FEABCBC02A18E8EABEB1EA1453D09B8",,,"one TCP client and one sequential IMAP session per sample","0","PASS","45FA907CE0D3797C1E13EBB2F03F076A25656CCE27E801C18F745ACD3944FBBD","5136EEC556F9790732AE759EF52F77FE6172329EA55787A80300C4A824107E46","1","17","True","False","3767.308",,"True","1000","True","True","1000","True"
"bdb0685f-dddb-4bfd-8d79-18b45c236313","MANIFEST_BOUND","hmail-perf-pair-service-20260901","06EFCBA9520D478A6DAC7ABB7F09F3B63D015A0CD5ECA1EB4D0FD2CC8C38F9FD","cpp","hmail_perf_pair_cpp_20260831_head3","C:\hmail-perf-pair-service-20260901\cpp\Data","B3DF9E8BBF4BEDB1102C94DF7C86356E1FEABCBC02A18E8EABEB1EA1453D09B8",,,"one TCP client and one sequential IMAP session per sample","0","PASS","45FA907CE0D3797C1E13EBB2F03F076A25656CCE27E801C18F745ACD3944FBBD","5136EEC556F9790732AE759EF52F77FE6172329EA55787A80300C4A824107E46","1","18","True","False","1383.46",,"True","1000","True","True","1000","True"
"bdb0685f-dddb-4bfd-8d79-18b45c236313","MANIFEST_BOUND","hmail-perf-pair-service-20260901","06EFCBA9520D478A6DAC7ABB7F09F3B63D015A0CD5ECA1EB4D0FD2CC8C38F9FD","cpp","hmail_perf_pair_cpp_20260831_head3","C:\hmail-perf-pair-service-20260901\cpp\Data","B3DF9E8BBF4BEDB1102C94DF7C86356E1FEABCBC02A18E8EABEB1EA1453D09B8",,,"one TCP client and one sequential IMAP session per sample","0","PASS","45FA907CE0D3797C1E13EBB2F03F076A25656CCE27E801C18F745ACD3944FBBD","5136EEC556F9790732AE759EF52F77FE6172329EA55787A80300C4A824107E46","1","19","True","False","1367.842",,"True","1000","True","True","1000","True"
"bdb0685f-dddb-4bfd-8d79-18b45c236313","MANIFEST_BOUND","hmail-perf-pair-service-20260901","06EFCBA9520D478A6DAC7ABB7F09F3B63D015A0CD5ECA1EB4D0FD2CC8C38F9FD","cpp","hmail_perf_pair_cpp_20260831_head3","C:\hmail-perf-pair-service-20260901\cpp\Data","B3DF9E8BBF4BEDB1102C94DF7C86356E1FEABCBC02A18E8EABEB1EA1453D09B8",,,"one TCP client and one sequential IMAP session per sample","0","PASS","45FA907CE0D3797C1E13EBB2F03F076A25656CCE27E801C18F745ACD3944FBBD","5136EEC556F9790732AE759EF52F77FE6172329EA55787A80300C4A824107E46","1","20","True","False","1203.018",,"True","1000","True","True","1000","True"
"bdb0685f-dddb-4bfd-8d79-18b45c236313","MANIFEST_BOUND","hmail-perf-pair-service-20260901","06EFCBA9520D478A6DAC7ABB7F09F3B63D015A0CD5ECA1EB4D0FD2CC8C38F9FD","cpp","hmail_perf_pair_cpp_20260831_head3","C:\hmail-perf-pair-service-20260901\cpp\Data","B3DF9E8BBF4BEDB1102C94DF7C86356E1FEABCBC02A18E8EABEB1EA1453D09B8",,,"one TCP client and one sequential IMAP session per sample","0","PASS","45FA907CE0D3797C1E13EBB2F03F076A25656CCE27E801C18F745ACD3944FBBD","5136EEC556F9790732AE759EF52F77FE6172329EA55787A80300C4A824107E46","1","21","True","False","1284.224",,"True","1000","True","True","1000","True"
"bdb0685f-dddb-4bfd-8d79-18b45c236313","MANIFEST_BOUND","hmail-perf-pair-service-20260901","06EFCBA9520D478A6DAC7ABB7F09F3B63D015A0CD5ECA1EB4D0FD2CC8C38F9FD","cpp","hmail_perf_pair_cpp_20260831_head3","C:\hmail-perf-pair-service-20260901\cpp\Data","B3DF9E8BBF4BEDB1102C94DF7C86356E1FEABCBC02A18E8EABEB1EA1453D09B8",,,"one TCP client and one sequential IMAP session per sample","0","PASS","45FA907CE0D3797C1E13EBB2F03F076A25656CCE27E801C18F745ACD3944FBBD","5136EEC556F9790732AE759EF52F77FE6172329EA55787A80300C4A824107E46","1","22","True","False","1288.095",,"True","1000","True","True","1000","True"
"bdb0685f-dddb-4bfd-8d79-18b45c236313","MANIFEST_BOUND","hmail-perf-pair-service-20260901","06EFCBA9520D478A6DAC7ABB7F09F3B63D015A0CD5ECA1EB4D0FD2CC8C38F9FD","cpp","hmail_perf_pair_cpp_20260831_head3","C:\hmail-perf-pair-service-20260901\cpp\Data","B3DF9E8BBF4BEDB1102C94DF7C86356E1FEABCBC02A18E8EABEB1EA1453D09B8",,,"one TCP client and one sequential IMAP session per sample","0","PASS","45FA907CE0D3797C1E13EBB2F03F076A25656CCE27E801C18F745ACD3944FBBD","5136EEC556F9790732AE759EF52F77FE6172329EA55787A80300C4A824107E46","1","23","True","False","1212.022",,"True","1000","True","True","1000","True"
"bdb0685f-dddb-4bfd-8d79-18b45c236313","MANIFEST_BOUND","hmail-perf-pair-service-20260901","06EFCBA9520D478A6DAC7ABB7F09F3B63D015A0CD5ECA1EB4D0FD2CC8C38F9FD","cpp","hmail_perf_pair_cpp_20260831_head3","C:\hmail-perf-pair-service-20260901\cpp\Data","B3DF9E8BBF4BEDB1102C94DF7C86356E1FEABCBC02A18E8EABEB1EA1453D09B8",,,"one TCP client and one sequential IMAP session per sample","0","PASS","45FA907CE0D3797C1E13EBB2F03F076A25656CCE27E801C18F745ACD3944FBBD","5136EEC556F9790732AE759EF52F77FE6172329EA55787A80300C4A824107E46","1","24","True","False","1220.431",,"True","1000","True","True","1000","True"
"bdb0685f-dddb-4bfd-8d79-18b45c236313","MANIFEST_BOUND","hmail-perf-pair-service-20260901","06EFCBA9520D478A6DAC7ABB7F09F3B63D015A0CD5ECA1EB4D0FD2CC8C38F9FD","cpp","hmail_perf_pair_cpp_20260831_head3","C:\hmail-perf-pair-service-20260901\cpp\Data","B3DF9E8BBF4BEDB1102C94DF7C86356E1FEABCBC02A18E8EABEB1EA1453D09B8",,,"one TCP client and one sequential IMAP session per sample","0","PASS","45FA907CE0D3797C1E13EBB2F03F076A25656CCE27E801C18F745ACD3944FBBD","5136EEC556F9790732AE759EF52F77FE6172329EA55787A80300C4A824107E46","1","25","True","False","1194.996",,"True","1000","True","True","1000","True"
"bdb0685f-dddb-4bfd-8d79-18b45c236313","MANIFEST_BOUND","hmail-perf-pair-service-20260901","06EFCBA9520D478A6DAC7ABB7F09F3B63D015A0CD5ECA1EB4D0FD2CC8C38F9FD","cpp","hmail_perf_pair_cpp_20260831_head3","C:\hmail-perf-pair-service-20260901\cpp\Data","B3DF9E8BBF4BEDB1102C94DF7C86356E1FEABCBC02A18E8EABEB1EA1453D09B8",,,"one TCP client and one sequential IMAP session per sample","0","PASS","45FA907CE0D3797C1E13EBB2F03F076A25656CCE27E801C18F745ACD3944FBBD","5136EEC556F9790732AE759EF52F77FE6172329EA55787A80300C4A824107E46","1","26","True","False","1214.393",,"True","1000","True","True","1000","True"
"bdb0685f-dddb-4bfd-8d79-18b45c236313","MANIFEST_BOUND","hmail-perf-pair-service-20260901","06EFCBA9520D478A6DAC7ABB7F09F3B63D015A0CD5ECA1EB4D0FD2CC8C38F9FD","cpp","hmail_perf_pair_cpp_20260831_head3","C:\hmail-perf-pair-service-20260901\cpp\Data","B3DF9E8BBF4BEDB1102C94DF7C86356E1FEABCBC02A18E8EABEB1EA1453D09B8",,,"one TCP client and one sequential IMAP session per sample","0","PASS","45FA907CE0D3797C1E13EBB2F03F076A25656CCE27E801C18F745ACD3944FBBD","5136EEC556F9790732AE759EF52F77FE6172329EA55787A80300C4A824107E46","1","27","True","False","1197.709",,"True","1000","True","True","1000","True"
"bdb0685f-dddb-4bfd-8d79-18b45c236313","MANIFEST_BOUND","hmail-perf-pair-service-20260901","06EFCBA9520D478A6DAC7ABB7F09F3B63D015A0CD5ECA1EB4D0FD2CC8C38F9FD","cpp","hmail_perf_pair_cpp_20260831_head3","C:\hmail-perf-pair-service-20260901\cpp\Data","B3DF9E8BBF4BEDB1102C94DF7C86356E1FEABCBC02A18E8EABEB1EA1453D09B8",,,"one TCP client and one sequential IMAP session per sample","0","PASS","45FA907CE0D3797C1E13EBB2F03F076A25656CCE27E801C18F745ACD3944FBBD","5136EEC556F9790732AE759EF52F77FE6172329EA55787A80300C4A824107E46","1","28","True","False","1392.31",,"True","1000","True","True","1000","True"
"bdb0685f-dddb-4bfd-8d79-18b45c236313","MANIFEST_BOUND","hmail-perf-pair-service-20260901","06EFCBA9520D478A6DAC7ABB7F09F3B63D015A0CD5ECA1EB4D0FD2CC8C38F9FD","cpp","hmail_perf_pair_cpp_20260831_head3","C:\hmail-perf-pair-service-20260901\cpp\Data","B3DF9E8BBF4BEDB1102C94DF7C86356E1FEABCBC02A18E8EABEB1EA1453D09B8",,,"one TCP client and one sequential IMAP session per sample","0","PASS","45FA907CE0D3797C1E13EBB2F03F076A25656CCE27E801C18F745ACD3944FBBD","5136EEC556F9790732AE759EF52F77FE6172329EA55787A80300C4A824107E46","1","29","True","False","1200.103",,"True","1000","True","True","1000","True"
"bdb0685f-dddb-4bfd-8d79-18b45c236313","MANIFEST_BOUND","hmail-perf-pair-service-20260901","06EFCBA9520D478A6DAC7ABB7F09F3B63D015A0CD5ECA1EB4D0FD2CC8C38F9FD","cpp","hmail_perf_pair_cpp_20260831_head3","C:\hmail-perf-pair-service-20260901\cpp\Data","B3DF9E8BBF4BEDB1102C94DF7C86356E1FEABCBC02A18E8EABEB1EA1453D09B8",,,"one TCP client and one sequential IMAP session per sample","0","PASS","45FA907CE0D3797C1E13EBB2F03F076A25656CCE27E801C18F745ACD3944FBBD","5136EEC556F9790732AE759EF52F77FE6172329EA55787A80300C4A824107E46","1","30","True","False","1208.245",,"True","1000","True","True","1000","True"
"bdb0685f-dddb-4bfd-8d79-18b45c236313","MANIFEST_BOUND","hmail-perf-pair-service-20260901","06EFCBA9520D478A6DAC7ABB7F09F3B63D015A0CD5ECA1EB4D0FD2CC8C38F9FD","cpp","hmail_perf_pair_cpp_20260831_head3","C:\hmail-perf-pair-service-20260901\cpp\Data","B3DF9E8BBF4BEDB1102C94DF7C86356E1FEABCBC02A18E8EABEB1EA1453D09B8",,,"one TCP client and one sequential IMAP session per sample","0","PASS","45FA907CE0D3797C1E13EBB2F03F076A25656CCE27E801C18F745ACD3944FBBD","5136EEC556F9790732AE759EF52F77FE6172329EA55787A80300C4A824107E46","1","31","True","False","1189.31",,"True","1000","True","True","1000","True"
"bdb0685f-dddb-4bfd-8d79-18b45c236313","MANIFEST_BOUND","hmail-perf-pair-service-20260901","06EFCBA9520D478A6DAC7ABB7F09F3B63D015A0CD5ECA1EB4D0FD2CC8C38F9FD","cpp","hmail_perf_pair_cpp_20260831_head3","C:\hmail-perf-pair-service-20260901\cpp\Data","B3DF9E8BBF4BEDB1102C94DF7C86356E1FEABCBC02A18E8EABEB1EA1453D09B8",,,"one TCP client and one sequential IMAP session per sample","0","PASS","45FA907CE0D3797C1E13EBB2F03F076A25656CCE27E801C18F745ACD3944FBBD","5136EEC556F9790732AE759EF52F77FE6172329EA55787A80300C4A824107E46","1","32","True","False","1397.479",,"True","1000","True","True","1000","True"
"bdb0685f-dddb-4bfd-8d79-18b45c236313","MANIFEST_BOUND","hmail-perf-pair-service-20260901","06EFCBA9520D478A6DAC7ABB7F09F3B63D015A0CD5ECA1EB4D0FD2CC8C38F9FD","cpp","hmail_perf_pair_cpp_20260831_head3","C:\hmail-perf-pair-service-20260901\cpp\Data","B3DF9E8BBF4BEDB1102C94DF7C86356E1FEABCBC02A18E8EABEB1EA1453D09B8",,,"one TCP client and one sequential IMAP session per sample","0","PASS","45FA907CE0D3797C1E13EBB2F03F076A25656CCE27E801C18F745ACD3944FBBD","5136EEC556F9790732AE759EF52F77FE6172329EA55787A80300C4A824107E46","1","33","True","False","1389.113",,"True","1000","True","True","1000","True"
"bdb0685f-dddb-4bfd-8d79-18b45c236313","MANIFEST_BOUND","hmail-perf-pair-service-20260901","06EFCBA9520D478A6DAC7ABB7F09F3B63D015A0CD5ECA1EB4D0FD2CC8C38F9FD","cpp","hmail_perf_pair_cpp_20260831_head3","C:\hmail-perf-pair-service-20260901\cpp\Data","B3DF9E8BBF4BEDB1102C94DF7C86356E1FEABCBC02A18E8EABEB1EA1453D09B8",,,"one TCP client and one sequential IMAP session per sample","0","PASS","45FA907CE0D3797C1E13EBB2F03F076A25656CCE27E801C18F745ACD3944FBBD","5136EEC556F9790732AE759EF52F77FE6172329EA55787A80300C4A824107E46","1","34","True","False","1216.709",,"True","1000","True","True","1000","True"
"bdb0685f-dddb-4bfd-8d79-18b45c236313","MANIFEST_BOUND","hmail-perf-pair-service-20260901","06EFCBA9520D478A6DAC7ABB7F09F3B63D015A0CD5ECA1EB4D0FD2CC8C38F9FD","cpp","hmail_perf_pair_cpp_20260831_head3","C:\hmail-perf-pair-service-20260901\cpp\Data","B3DF9E8BBF4BEDB1102C94DF7C86356E1FEABCBC02A18E8EABEB1EA1453D09B8",,,"one TCP client and one sequential IMAP session per sample","0","PASS","45FA907CE0D3797C1E13EBB2F03F076A25656CCE27E801C18F745ACD3944FBBD","5136EEC556F9790732AE759EF52F77FE6172329EA55787A80300C4A824107E46","1","35","True","False","1376.698",,"True","1000","True","True","1000","True"
"bdb0685f-dddb-4bfd-8d79-18b45c236313","MANIFEST_BOUND","hmail-perf-pair-service-20260901","06EFCBA9520D478A6DAC7ABB7F09F3B63D015A0CD5ECA1EB4D0FD2CC8C38F9FD","cpp","hmail_perf_pair_cpp_20260831_head3","C:\hmail-perf-pair-service-20260901\cpp\Data","B3DF9E8BBF4BEDB1102C94DF7C86356E1FEABCBC02A18E8EABEB1EA1453D09B8",,,"one TCP client and one sequential IMAP session per sample","0","PASS","45FA907CE0D3797C1E13EBB2F03F076A25656CCE27E801C18F745ACD3944FBBD","5136EEC556F9790732AE759EF52F77FE6172329EA55787A80300C4A824107E46","1","36","True","False","1619.455",,"True","1000","True","True","1000","True"
"bdb0685f-dddb-4bfd-8d79-18b45c236313","MANIFEST_BOUND","hmail-perf-pair-service-20260901","06EFCBA9520D478A6DAC7ABB7F09F3B63D015A0CD5ECA1EB4D0FD2CC8C38F9FD","cpp","hmail_perf_pair_cpp_20260831_head3","C:\hmail-perf-pair-service-20260901\cpp\Data","B3DF9E8BBF4BEDB1102C94DF7C86356E1FEABCBC02A18E8EABEB1EA1453D09B8",,,"one TCP client and one sequential IMAP session per sample","0","PASS","45FA907CE0D3797C1E13EBB2F03F076A25656CCE27E801C18F745ACD3944FBBD","5136EEC556F9790732AE759EF52F77FE6172329EA55787A80300C4A824107E46","1","37","True","False","1411.987",,"True","1000","True","True","1000","True"
"bdb0685f-dddb-4bfd-8d79-18b45c236313","MANIFEST_BOUND","hmail-perf-pair-service-20260901","06EFCBA9520D478A6DAC7ABB7F09F3B63D015A0CD5ECA1EB4D0FD2CC8C38F9FD","cpp","hmail_perf_pair_cpp_20260831_head3","C:\hmail-perf-pair-service-20260901\cpp\Data","B3DF9E8BBF4BEDB1102C94DF7C86356E1FEABCBC02A18E8EABEB1EA1453D09B8",,,"one TCP client and one sequential IMAP session per sample","0","PASS","45FA907CE0D3797C1E13EBB2F03F076A25656CCE27E801C18F745ACD3944FBBD","5136EEC556F9790732AE759EF52F77FE6172329EA55787A80300C4A824107E46","1","38","True","False","1758.48",,"True","1000","True","True","1000","True"
"bdb0685f-dddb-4bfd-8d79-18b45c236313","MANIFEST_BOUND","hmail-perf-pair-service-20260901","06EFCBA9520D478A6DAC7ABB7F09F3B63D015A0CD5ECA1EB4D0FD2CC8C38F9FD","cpp","hmail_perf_pair_cpp_20260831_head3","C:\hmail-perf-pair-service-20260901\cpp\Data","B3DF9E8BBF4BEDB1102C94DF7C86356E1FEABCBC02A18E8EABEB1EA1453D09B8",,,"one TCP client and one sequential IMAP session per sample","0","PASS","45FA907CE0D3797C1E13EBB2F03F076A25656CCE27E801C18F745ACD3944FBBD","5136EEC556F9790732AE759EF52F77FE6172329EA55787A80300C4A824107E46","1","39","True","False","4308.975",,"True","1000","True","True","1000","True"
"bdb0685f-dddb-4bfd-8d79-18b45c236313","MANIFEST_BOUND","hmail-perf-pair-service-20260901","06EFCBA9520D478A6DAC7ABB7F09F3B63D015A0CD5ECA1EB4D0FD2CC8C38F9FD","cpp","hmail_perf_pair_cpp_20260831_head3","C:\hmail-perf-pair-service-20260901\cpp\Data","B3DF9E8BBF4BEDB1102C94DF7C86356E1FEABCBC02A18E8EABEB1EA1453D09B8",,,"one TCP client and one sequential IMAP session per sample","0","PASS","45FA907CE0D3797C1E13EBB2F03F076A25656CCE27E801C18F745ACD3944FBBD","5136EEC556F9790732AE759EF52F77FE6172329EA55787A80300C4A824107E46","1","40","True","False","1767.365",,"True","1000","True","True","1000","True"
"bdb0685f-dddb-4bfd-8d79-18b45c236313","MANIFEST_BOUND","hmail-perf-pair-service-20260901","06EFCBA9520D478A6DAC7ABB7F09F3B63D015A0CD5ECA1EB4D0FD2CC8C38F9FD","cpp","hmail_perf_pair_cpp_20260831_head3","C:\hmail-perf-pair-service-20260901\cpp\Data","B3DF9E8BBF4BEDB1102C94DF7C86356E1FEABCBC02A18E8EABEB1EA1453D09B8",,,"one TCP client and one sequential IMAP session per sample","0","PASS","45FA907CE0D3797C1E13EBB2F03F076A25656CCE27E801C18F745ACD3944FBBD","5136EEC556F9790732AE759EF52F77FE6172329EA55787A80300C4A824107E46","1","41","True","False","2046.571",,"True","1000","True","True","1000","True"
"bdb0685f-dddb-4bfd-8d79-18b45c236313","MANIFEST_BOUND","hmail-perf-pair-service-20260901","06EFCBA9520D478A6DAC7ABB7F09F3B63D015A0CD5ECA1EB4D0FD2CC8C38F9FD","cpp","hmail_perf_pair_cpp_20260831_head3","C:\hmail-perf-pair-service-20260901\cpp\Data","B3DF9E8BBF4BEDB1102C94DF7C86356E1FEABCBC02A18E8EABEB1EA1453D09B8",,,"one TCP client and one sequential IMAP session per sample","0","PASS","45FA907CE0D3797C1E13EBB2F03F076A25656CCE27E801C18F745ACD3944FBBD","5136EEC556F9790732AE759EF52F77FE6172329EA55787A80300C4A824107E46","1","42","True","False","2065.262",,"True","1000","True","True","1000","True"
"bdb0685f-dddb-4bfd-8d79-18b45c236313","MANIFEST_BOUND","hmail-perf-pair-service-20260901","06EFCBA9520D478A6DAC7ABB7F09F3B63D015A0CD5ECA1EB4D0FD2CC8C38F9FD","cpp","hmail_perf_pair_cpp_20260831_head3","C:\hmail-perf-pair-service-20260901\cpp\Data","B3DF9E8BBF4BEDB1102C94DF7C86356E1FEABCBC02A18E8EABEB1EA1453D09B8",,,"one TCP client and one sequential IMAP session per sample","0","PASS","45FA907CE0D3797C1E13EBB2F03F076A25656CCE27E801C18F745ACD3944FBBD","5136EEC556F9790732AE759EF52F77FE6172329EA55787A80300C4A824107E46","1","43","True","False","2128.061",,"True","1000","True","True","1000","True"
"bdb0685f-dddb-4bfd-8d79-18b45c236313","MANIFEST_BOUND","hmail-perf-pair-service-20260901","06EFCBA9520D478A6DAC7ABB7F09F3B63D015A0CD5ECA1EB4D0FD2CC8C38F9FD","cpp","hmail_perf_pair_cpp_20260831_head3","C:\hmail-perf-pair-service-20260901\cpp\Data","B3DF9E8BBF4BEDB1102C94DF7C86356E1FEABCBC02A18E8EABEB1EA1453D09B8",,,"one TCP client and one sequential IMAP session per sample","0","PASS","45FA907CE0D3797C1E13EBB2F03F076A25656CCE27E801C18F745ACD3944FBBD","5136EEC556F9790732AE759EF52F77FE6172329EA55787A80300C4A824107E46","1","44","True","False","2194.642",,"True","1000","True","True","1000","True"
"bdb0685f-dddb-4bfd-8d79-18b45c236313","MANIFEST_BOUND","hmail-perf-pair-service-20260901","06EFCBA9520D478A6DAC7ABB7F09F3B63D015A0CD5ECA1EB4D0FD2CC8C38F9FD","cpp","hmail_perf_pair_cpp_20260831_head3","C:\hmail-perf-pair-service-20260901\cpp\Data","B3DF9E8BBF4BEDB1102C94DF7C86356E1FEABCBC02A18E8EABEB1EA1453D09B8",,,"one TCP client and one sequential IMAP session per sample","0","PASS","45FA907CE0D3797C1E13EBB2F03F076A25656CCE27E801C18F745ACD3944FBBD","5136EEC556F9790732AE759EF52F77FE6172329EA55787A80300C4A824107E46","1","45","True","False","2132.703",,"True","1000","True","True","1000","True"
"bdb0685f-dddb-4bfd-8d79-18b45c236313","MANIFEST_BOUND","hmail-perf-pair-service-20260901","06EFCBA9520D478A6DAC7ABB7F09F3B63D015A0CD5ECA1EB4D0FD2CC8C38F9FD","cpp","hmail_perf_pair_cpp_20260831_head3","C:\hmail-perf-pair-service-20260901\cpp\Data","B3DF9E8BBF4BEDB1102C94DF7C86356E1FEABCBC02A18E8EABEB1EA1453D09B8",,,"one TCP client and one sequential IMAP session per sample","0","PASS","45FA907CE0D3797C1E13EBB2F03F076A25656CCE27E801C18F745ACD3944FBBD","5136EEC556F9790732AE759EF52F77FE6172329EA55787A80300C4A824107E46","1","46","True","False","2191.72",,"True","1000","True","True","1000","True"
"bdb0685f-dddb-4bfd-8d79-18b45c236313","MANIFEST_BOUND","hmail-perf-pair-service-20260901","06EFCBA9520D478A6DAC7ABB7F09F3B63D015A0CD5ECA1EB4D0FD2CC8C38F9FD","cpp","hmail_perf_pair_cpp_20260831_head3","C:\hmail-perf-pair-service-20260901\cpp\Data","B3DF9E8BBF4BEDB1102C94DF7C86356E1FEABCBC02A18E8EABEB1EA1453D09B8",,,"one TCP client and one sequential IMAP session per sample","0","PASS","45FA907CE0D3797C1E13EBB2F03F076A25656CCE27E801C18F745ACD3944FBBD","5136EEC556F9790732AE759EF52F77FE6172329EA55787A80300C4A824107E46","1","47","True","False","2202.294",,"True","1000","True","True","1000","True"
"bdb0685f-dddb-4bfd-8d79-18b45c236313","MANIFEST_BOUND","hmail-perf-pair-service-20260901","06EFCBA9520D478A6DAC7ABB7F09F3B63D015A0CD5ECA1EB4D0FD2CC8C38F9FD","cpp","hmail_perf_pair_cpp_20260831_head3","C:\hmail-perf-pair-service-20260901\cpp\Data","B3DF9E8BBF4BEDB1102C94DF7C86356E1FEABCBC02A18E8EABEB1EA1453D09B8",,,"one TCP client and one sequential IMAP session per sample","0","PASS","45FA907CE0D3797C1E13EBB2F03F076A25656CCE27E801C18F745ACD3944FBBD","5136EEC556F9790732AE759EF52F77FE6172329EA55787A80300C4A824107E46","1","48","True","False","2239.138",,"True","1000","True","True","1000","True"
"bdb0685f-dddb-4bfd-8d79-18b45c236313","MANIFEST_BOUND","hmail-perf-pair-service-20260901","06EFCBA9520D478A6DAC7ABB7F09F3B63D015A0CD5ECA1EB4D0FD2CC8C38F9FD","cpp","hmail_perf_pair_cpp_20260831_head3","C:\hmail-perf-pair-service-20260901\cpp\Data","B3DF9E8BBF4BEDB1102C94DF7C86356E1FEABCBC02A18E8EABEB1EA1453D09B8",,,"one TCP client and one sequential IMAP session per sample","0","PASS","45FA907CE0D3797C1E13EBB2F03F076A25656CCE27E801C18F745ACD3944FBBD","5136EEC556F9790732AE759EF52F77FE6172329EA55787A80300C4A824107E46","1","49","True","False","2510.479",,"True","1000","True","True","1000","True"
"bdb0685f-dddb-4bfd-8d79-18b45c236313","MANIFEST_BOUND","hmail-perf-pair-service-20260901","06EFCBA9520D478A6DAC7ABB7F09F3B63D015A0CD5ECA1EB4D0FD2CC8C38F9FD","cpp","hmail_perf_pair_cpp_20260831_head3","C:\hmail-perf-pair-service-20260901\cpp\Data","B3DF9E8BBF4BEDB1102C94DF7C86356E1FEABCBC02A18E8EABEB1EA1453D09B8",,,"one TCP client and one sequential IMAP session per sample","0","PASS","45FA907CE0D3797C1E13EBB2F03F076A25656CCE27E801C18F745ACD3944FBBD","5136EEC556F9790732AE759EF52F77FE6172329EA55787A80300C4A824107E46","1","50","True","False","2293.935",,"True","1000","True","True","1000","True"
"bdb0685f-dddb-4bfd-8d79-18b45c236313","MANIFEST_BOUND","hmail-perf-pair-service-20260901","06EFCBA9520D478A6DAC7ABB7F09F3B63D015A0CD5ECA1EB4D0FD2CC8C38F9FD","cpp","hmail_perf_pair_cpp_20260831_head3","C:\hmail-perf-pair-service-20260901\cpp\Data","B3DF9E8BBF4BEDB1102C94DF7C86356E1FEABCBC02A18E8EABEB1EA1453D09B8",,,"one TCP client and one sequential IMAP session per sample","0","PASS","45FA907CE0D3797C1E13EBB2F03F076A25656CCE27E801C18F745ACD3944FBBD","5136EEC556F9790732AE759EF52F77FE6172329EA55787A80300C4A824107E46","1","51","True","False","2279.798",,"True","1000","True","True","1000","True"
"bdb0685f-dddb-4bfd-8d79-18b45c236313","MANIFEST_BOUND","hmail-perf-pair-service-20260901","06EFCBA9520D478A6DAC7ABB7F09F3B63D015A0CD5ECA1EB4D0FD2CC8C38F9FD","cpp","hmail_perf_pair_cpp_20260831_head3","C:\hmail-perf-pair-service-20260901\cpp\Data","B3DF9E8BBF4BEDB1102C94DF7C86356E1FEABCBC02A18E8EABEB1EA1453D09B8",,,"one TCP client and one sequential IMAP session per sample","0","PASS","45FA907CE0D3797C1E13EBB2F03F076A25656CCE27E801C18F745ACD3944FBBD","5136EEC556F9790732AE759EF52F77FE6172329EA55787A80300C4A824107E46","1","52","True","False","2296.329",,"True","1000","True","True","1000","True"
"bdb0685f-dddb-4bfd-8d79-18b45c236313","MANIFEST_BOUND","hmail-perf-pair-service-20260901","06EFCBA9520D478A6DAC7ABB7F09F3B63D015A0CD5ECA1EB4D0FD2CC8C38F9FD","cpp","hmail_perf_pair_cpp_20260831_head3","C:\hmail-perf-pair-service-20260901\cpp\Data","B3DF9E8BBF4BEDB1102C94DF7C86356E1FEABCBC02A18E8EABEB1EA1453D09B8",,,"one TCP client and one sequential IMAP session per sample","0","PASS","45FA907CE0D3797C1E13EBB2F03F076A25656CCE27E801C18F745ACD3944FBBD","5136EEC556F9790732AE759EF52F77FE6172329EA55787A80300C4A824107E46","1","53","True","False","2428.905",,"True","1000","True","True","1000","True"
"bdb0685f-dddb-4bfd-8d79-18b45c236313","MANIFEST_BOUND","hmail-perf-pair-service-20260901","06EFCBA9520D478A6DAC7ABB7F09F3B63D015A0CD5ECA1EB4D0FD2CC8C38F9FD","cpp","hmail_perf_pair_cpp_20260831_head3","C:\hmail-perf-pair-service-20260901\cpp\Data","B3DF9E8BBF4BEDB1102C94DF7C86356E1FEABCBC02A18E8EABEB1EA1453D09B8",,,"one TCP client and one sequential IMAP session per sample","0","PASS","45FA907CE0D3797C1E13EBB2F03F076A25656CCE27E801C18F745ACD3944FBBD","5136EEC556F9790732AE759EF52F77FE6172329EA55787A80300C4A824107E46","1","54","True","False","2466.313",,"True","1000","True","True","1000","True"
"bdb0685f-dddb-4bfd-8d79-18b45c236313","MANIFEST_BOUND","hmail-perf-pair-service-20260901","06EFCBA9520D478A6DAC7ABB7F09F3B63D015A0CD5ECA1EB4D0FD2CC8C38F9FD","cpp","hmail_perf_pair_cpp_20260831_head3","C:\hmail-perf-pair-service-20260901\cpp\Data","B3DF9E8BBF4BEDB1102C94DF7C86356E1FEABCBC02A18E8EABEB1EA1453D09B8",,,"one TCP client and one sequential IMAP session per sample","0","PASS","45FA907CE0D3797C1E13EBB2F03F076A25656CCE27E801C18F745ACD3944FBBD","5136EEC556F9790732AE759EF52F77FE6172329EA55787A80300C4A824107E46","1","55","True","False","2650.998",,"True","1000","True","True","1000","True"
"bdb0685f-dddb-4bfd-8d79-18b45c236313","MANIFEST_BOUND","hmail-perf-pair-service-20260901","06EFCBA9520D478A6DAC7ABB7F09F3B63D015A0CD5ECA1EB4D0FD2CC8C38F9FD","cpp","hmail_perf_pair_cpp_20260831_head3","C:\hmail-perf-pair-service-20260901\cpp\Data","B3DF9E8BBF4BEDB1102C94DF7C86356E1FEABCBC02A18E8EABEB1EA1453D09B8",,,"one TCP client and one sequential IMAP session per sample","0","PASS","45FA907CE0D3797C1E13EBB2F03F076A25656CCE27E801C18F745ACD3944FBBD","5136EEC556F9790732AE759EF52F77FE6172329EA55787A80300C4A824107E46","1","56","True","False","2499.082",,"True","1000","True","True","1000","True"
"bdb0685f-dddb-4bfd-8d79-18b45c236313","MANIFEST_BOUND","hmail-perf-pair-service-20260901","06EFCBA9520D478A6DAC7ABB7F09F3B63D015A0CD5ECA1EB4D0FD2CC8C38F9FD","cpp","hmail_perf_pair_cpp_20260831_head3","C:\hmail-perf-pair-service-20260901\cpp\Data","B3DF9E8BBF4BEDB1102C94DF7C86356E1FEABCBC02A18E8EABEB1EA1453D09B8",,,"one TCP client and one sequential IMAP session per sample","0","PASS","45FA907CE0D3797C1E13EBB2F03F076A25656CCE27E801C18F745ACD3944FBBD","5136EEC556F9790732AE759EF52F77FE6172329EA55787A80300C4A824107E46","1","57","True","False","2872.602",,"True","1000","True","True","1000","True"
"bdb0685f-dddb-4bfd-8d79-18b45c236313","MANIFEST_BOUND","hmail-perf-pair-service-20260901","06EFCBA9520D478A6DAC7ABB7F09F3B63D015A0CD5ECA1EB4D0FD2CC8C38F9FD","cpp","hmail_perf_pair_cpp_20260831_head3","C:\hmail-perf-pair-service-20260901\cpp\Data","B3DF9E8BBF4BEDB1102C94DF7C86356E1FEABCBC02A18E8EABEB1EA1453D09B8",,,"one TCP client and one sequential IMAP session per sample","0","PASS","45FA907CE0D3797C1E13EBB2F03F076A25656CCE27E801C18F745ACD3944FBBD","5136EEC556F9790732AE759EF52F77FE6172329EA55787A80300C4A824107E46","1","58","True","False","2578.871",,"True","1000","True","True","1000","True"
"bdb0685f-dddb-4bfd-8d79-18b45c236313","MANIFEST_BOUND","hmail-perf-pair-service-20260901","06EFCBA9520D478A6DAC7ABB7F09F3B63D015A0CD5ECA1EB4D0FD2CC8C38F9FD","cpp","hmail_perf_pair_cpp_20260831_head3","C:\hmail-perf-pair-service-20260901\cpp\Data","B3DF9E8BBF4BEDB1102C94DF7C86356E1FEABCBC02A18E8EABEB1EA1453D09B8",,,"one TCP client and one sequential IMAP session per sample","0","PASS","45FA907CE0D3797C1E13EBB2F03F076A25656CCE27E801C18F745ACD3944FBBD","5136EEC556F9790732AE759EF52F77FE6172329EA55787A80300C4A824107E46","1","59","True","False","2741.41",,"True","1000","True","True","1000","True"
"bdb0685f-dddb-4bfd-8d79-18b45c236313","MANIFEST_BOUND","hmail-perf-pair-service-20260901","06EFCBA9520D478A6DAC7ABB7F09F3B63D015A0CD5ECA1EB4D0FD2CC8C38F9FD","cpp","hmail_perf_pair_cpp_20260831_head3","C:\hmail-perf-pair-service-20260901\cpp\Data","B3DF9E8BBF4BEDB1102C94DF7C86356E1FEABCBC02A18E8EABEB1EA1453D09B8",,,"one TCP client and one sequential IMAP session per sample","0","PASS","45FA907CE0D3797C1E13EBB2F03F076A25656CCE27E801C18F745ACD3944FBBD","5136EEC556F9790732AE759EF52F77FE6172329EA55787A80300C4A824107E46","1","60","True","False","2920.632",,"True","1000","True","True","1000","True"
"bdb0685f-dddb-4bfd-8d79-18b45c236313","MANIFEST_BOUND","hmail-perf-pair-service-20260901","06EFCBA9520D478A6DAC7ABB7F09F3B63D015A0CD5ECA1EB4D0FD2CC8C38F9FD","cpp","hmail_perf_pair_cpp_20260831_head3","C:\hmail-perf-pair-service-20260901\cpp\Data","B3DF9E8BBF4BEDB1102C94DF7C86356E1FEABCBC02A18E8EABEB1EA1453D09B8",,,"one TCP client and one sequential IMAP session per sample","0","PASS","45FA907CE0D3797C1E13EBB2F03F076A25656CCE27E801C18F745ACD3944FBBD","5136EEC556F9790732AE759EF52F77FE6172329EA55787A80300C4A824107E46","1","61","True","False","2843.257",,"True","1000","True","True","1000","True"
"bdb0685f-dddb-4bfd-8d79-18b45c236313","MANIFEST_BOUND","hmail-perf-pair-service-20260901","06EFCBA9520D478A6DAC7ABB7F09F3B63D015A0CD5ECA1EB4D0FD2CC8C38F9FD","cpp","hmail_perf_pair_cpp_20260831_head3","C:\hmail-perf-pair-service-20260901\cpp\Data","B3DF9E8BBF4BEDB1102C94DF7C86356E1FEABCBC02A18E8EABEB1EA1453D09B8",,,"one TCP client and one sequential IMAP session per sample","0","PASS","45FA907CE0D3797C1E13EBB2F03F076A25656CCE27E801C18F745ACD3944FBBD","5136EEC556F9790732AE759EF52F77FE6172329EA55787A80300C4A824107E46","1","62","True","False","2937.411",,"True","1000","True","True","1000","True"
"bdb0685f-dddb-4bfd-8d79-18b45c236313","MANIFEST_BOUND","hmail-perf-pair-service-20260901","06EFCBA9520D478A6DAC7ABB7F09F3B63D015A0CD5ECA1EB4D0FD2CC8C38F9FD","cpp","hmail_perf_pair_cpp_20260831_head3","C:\hmail-perf-pair-service-20260901\cpp\Data","B3DF9E8BBF4BEDB1102C94DF7C86356E1FEABCBC02A18E8EABEB1EA1453D09B8",,,"one TCP client and one sequential IMAP session per sample","0","PASS","45FA907CE0D3797C1E13EBB2F03F076A25656CCE27E801C18F745ACD3944FBBD","5136EEC556F9790732AE759EF52F77FE6172329EA55787A80300C4A824107E46","1","63","True","False","3016.947",,"True","1000","True","True","1000","True"
"bdb0685f-dddb-4bfd-8d79-18b45c236313","MANIFEST_BOUND","hmail-perf-pair-service-20260901","06EFCBA9520D478A6DAC7ABB7F09F3B63D015A0CD5ECA1EB4D0FD2CC8C38F9FD","cpp","hmail_perf_pair_cpp_20260831_head3","C:\hmail-perf-pair-service-20260901\cpp\Data","B3DF9E8BBF4BEDB1102C94DF7C86356E1FEABCBC02A18E8EABEB1EA1453D09B8",,,"one TCP client and one sequential IMAP session per sample","0","PASS","45FA907CE0D3797C1E13EBB2F03F076A25656CCE27E801C18F745ACD3944FBBD","5136EEC556F9790732AE759EF52F77FE6172329EA55787A80300C4A824107E46","1","64","True","False","3070.16",,"True","1000","True","True","1000","True"
"bdb0685f-dddb-4bfd-8d79-18b45c236313","MANIFEST_BOUND","hmail-perf-pair-service-20260901","06EFCBA9520D478A6DAC7ABB7F09F3B63D015A0CD5ECA1EB4D0FD2CC8C38F9FD","cpp","hmail_perf_pair_cpp_20260831_head3","C:\hmail-perf-pair-service-20260901\cpp\Data","B3DF9E8BBF4BEDB1102C94DF7C86356E1FEABCBC02A18E8EABEB1EA1453D09B8",,,"one TCP client and one sequential IMAP session per sample","0","PASS","45FA907CE0D3797C1E13EBB2F03F076A25656CCE27E801C18F745ACD3944FBBD","5136EEC556F9790732AE759EF52F77FE6172329EA55787A80300C4A824107E46","1","65","True","False","3164.627",,"True","1000","True","True","1000","True"
"bdb0685f-dddb-4bfd-8d79-18b45c236313","MANIFEST_BOUND","hmail-perf-pair-service-20260901","06EFCBA9520D478A6DAC7ABB7F09F3B63D015A0CD5ECA1EB4D0FD2CC8C38F9FD","cpp","hmail_perf_pair_cpp_20260831_head3","C:\hmail-perf-pair-service-20260901\cpp\Data","B3DF9E8BBF4BEDB1102C94DF7C86356E1FEABCBC02A18E8EABEB1EA1453D09B8",,,"one TCP client and one sequential IMAP session per sample","0","PASS","45FA907CE0D3797C1E13EBB2F03F076A25656CCE27E801C18F745ACD3944FBBD","5136EEC556F9790732AE759EF52F77FE6172329EA55787A80300C4A824107E46","1","66","True","False","3367.699",,"True","1000","True","True","1000","True"
"bdb0685f-dddb-4bfd-8d79-18b45c236313","MANIFEST_BOUND","hmail-perf-pair-service-20260901","06EFCBA9520D478A6DAC7ABB7F09F3B63D015A0CD5ECA1EB4D0FD2CC8C38F9FD","cpp","hmail_perf_pair_cpp_20260831_head3","C:\hmail-perf-pair-service-20260901\cpp\Data","B3DF9E8BBF4BEDB1102C94DF7C86356E1FEABCBC02A18E8EABEB1EA1453D09B8",,,"one TCP client and one sequential IMAP session per sample","0","PASS","45FA907CE0D3797C1E13EBB2F03F076A25656CCE27E801C18F745ACD3944FBBD","5136EEC556F9790732AE759EF52F77FE6172329EA55787A80300C4A824107E46","1","67","True","False","3192.815",,"True","1000","True","True","1000","True"
"bdb0685f-dddb-4bfd-8d79-18b45c236313","MANIFEST_BOUND","hmail-perf-pair-service-20260901","06EFCBA9520D478A6DAC7ABB7F09F3B63D015A0CD5ECA1EB4D0FD2CC8C38F9FD","cpp","hmail_perf_pair_cpp_20260831_head3","C:\hmail-perf-pair-service-20260901\cpp\Data","B3DF9E8BBF4BEDB1102C94DF7C86356E1FEABCBC02A18E8EABEB1EA1453D09B8",,,"one TCP client and one sequential IMAP session per sample","0","PASS","45FA907CE0D3797C1E13EBB2F03F076A25656CCE27E801C18F745ACD3944FBBD","5136EEC556F9790732AE759EF52F77FE6172329EA55787A80300C4A824107E46","1","68","True","False","3325.41",,"True","1000","True","True","1000","True"
"bdb0685f-dddb-4bfd-8d79-18b45c236313","MANIFEST_BOUND","hmail-perf-pair-service-20260901","06EFCBA9520D478A6DAC7ABB7F09F3B63D015A0CD5ECA1EB4D0FD2CC8C38F9FD","cpp","hmail_perf_pair_cpp_20260831_head3","C:\hmail-perf-pair-service-20260901\cpp\Data","B3DF9E8BBF4BEDB1102C94DF7C86356E1FEABCBC02A18E8EABEB1EA1453D09B8",,,"one TCP client and one sequential IMAP session per sample","0","PASS","45FA907CE0D3797C1E13EBB2F03F076A25656CCE27E801C18F745ACD3944FBBD","5136EEC556F9790732AE759EF52F77FE6172329EA55787A80300C4A824107E46","1","69","True","False","3275.973",,"True","1000","True","True","1000","True"
"bdb0685f-dddb-4bfd-8d79-18b45c236313","MANIFEST_BOUND","hmail-perf-pair-service-20260901","06EFCBA9520D478A6DAC7ABB7F09F3B63D015A0CD5ECA1EB4D0FD2CC8C38F9FD","cpp","hmail_perf_pair_cpp_20260831_head3","C:\hmail-perf-pair-service-20260901\cpp\Data","B3DF9E8BBF4BEDB1102C94DF7C86356E1FEABCBC02A18E8EABEB1EA1453D09B8",,,"one TCP client and one sequential IMAP session per sample","0","PASS","45FA907CE0D3797C1E13EBB2F03F076A25656CCE27E801C18F745ACD3944FBBD","5136EEC556F9790732AE759EF52F77FE6172329EA55787A80300C4A824107E46","1","70","True","False","3196.086",,"True","1000","True","True","1000","True"
"bdb0685f-dddb-4bfd-8d79-18b45c236313","MANIFEST_BOUND","hmail-perf-pair-service-20260901","06EFCBA9520D478A6DAC7ABB7F09F3B63D015A0CD5ECA1EB4D0FD2CC8C38F9FD","cpp","hmail_perf_pair_cpp_20260831_head3","C:\hmail-perf-pair-service-20260901\cpp\Data","B3DF9E8BBF4BEDB1102C94DF7C86356E1FEABCBC02A18E8EABEB1EA1453D09B8",,,"one TCP client and one sequential IMAP session per sample","0","PASS","45FA907CE0D3797C1E13EBB2F03F076A25656CCE27E801C18F745ACD3944FBBD","5136EEC556F9790732AE759EF52F77FE6172329EA55787A80300C4A824107E46","1","71","True","False","3543.74",,"True","1000","True","True","1000","True"
"bdb0685f-dddb-4bfd-8d79-18b45c236313","MANIFEST_BOUND","hmail-perf-pair-service-20260901","06EFCBA9520D478A6DAC7ABB7F09F3B63D015A0CD5ECA1EB4D0FD2CC8C38F9FD","cpp","hmail_perf_pair_cpp_20260831_head3","C:\hmail-perf-pair-service-20260901\cpp\Data","B3DF9E8BBF4BEDB1102C94DF7C86356E1FEABCBC02A18E8EABEB1EA1453D09B8",,,"one TCP client and one sequential IMAP session per sample","0","PASS","45FA907CE0D3797C1E13EBB2F03F076A25656CCE27E801C18F745ACD3944FBBD","5136EEC556F9790732AE759EF52F77FE6172329EA55787A80300C4A824107E46","1","72","True","False","3327.804",,"True","1000","True","True","1000","True"
"bdb0685f-dddb-4bfd-8d79-18b45c236313","MANIFEST_BOUND","hmail-perf-pair-service-20260901","06EFCBA9520D478A6DAC7ABB7F09F3B63D015A0CD5ECA1EB4D0FD2CC8C38F9FD","cpp","hmail_perf_pair_cpp_20260831_head3","C:\hmail-perf-pair-service-20260901\cpp\Data","B3DF9E8BBF4BEDB1102C94DF7C86356E1FEABCBC02A18E8EABEB1EA1453D09B8",,,"one TCP client and one sequential IMAP session per sample","0","PASS","45FA907CE0D3797C1E13EBB2F03F076A25656CCE27E801C18F745ACD3944FBBD","5136EEC556F9790732AE759EF52F77FE6172329EA55787A80300C4A824107E46","1","73","True","False","3614.085",,"True","1000","True","True","1000","True"
"bdb0685f-dddb-4bfd-8d79-18b45c236313","MANIFEST_BOUND","hmail-perf-pair-service-20260901","06EFCBA9520D478A6DAC7ABB7F09F3B63D015A0CD5ECA1EB4D0FD2CC8C38F9FD","cpp","hmail_perf_pair_cpp_20260831_head3","C:\hmail-perf-pair-service-20260901\cpp\Data","B3DF9E8BBF4BEDB1102C94DF7C86356E1FEABCBC02A18E8EABEB1EA1453D09B8",,,"one TCP client and one sequential IMAP session per sample","0","PASS","45FA907CE0D3797C1E13EBB2F03F076A25656CCE27E801C18F745ACD3944FBBD","5136EEC556F9790732AE759EF52F77FE6172329EA55787A80300C4A824107E46","1","74","True","False","3401.494",,"True","1000","True","True","1000","True"
"bdb0685f-dddb-4bfd-8d79-18b45c236313","MANIFEST_BOUND","hmail-perf-pair-service-20260901","06EFCBA9520D478A6DAC7ABB7F09F3B63D015A0CD5ECA1EB4D0FD2CC8C38F9FD","cpp","hmail_perf_pair_cpp_20260831_head3","C:\hmail-perf-pair-service-20260901\cpp\Data","B3DF9E8BBF4BEDB1102C94DF7C86356E1FEABCBC02A18E8EABEB1EA1453D09B8",,,"one TCP client and one sequential IMAP session per sample","0","PASS","45FA907CE0D3797C1E13EBB2F03F076A25656CCE27E801C18F745ACD3944FBBD","5136EEC556F9790732AE759EF52F77FE6172329EA55787A80300C4A824107E46","1","75","True","False","3497.934",,"True","1000","True","True","1000","True"
"bdb0685f-dddb-4bfd-8d79-18b45c236313","MANIFEST_BOUND","hmail-perf-pair-service-20260901","06EFCBA9520D478A6DAC7ABB7F09F3B63D015A0CD5ECA1EB4D0FD2CC8C38F9FD","cpp","hmail_perf_pair_cpp_20260831_head3","C:\hmail-perf-pair-service-20260901\cpp\Data","B3DF9E8BBF4BEDB1102C94DF7C86356E1FEABCBC02A18E8EABEB1EA1453D09B8",,,"one TCP client and one sequential IMAP session per sample","0","PASS","45FA907CE0D3797C1E13EBB2F03F076A25656CCE27E801C18F745ACD3944FBBD","5136EEC556F9790732AE759EF52F77FE6172329EA55787A80300C4A824107E46","1","76","True","False","3897.624",,"True","1000","True","True","1000","True"
"bdb0685f-dddb-4bfd-8d79-18b45c236313","MANIFEST_BOUND","hmail-perf-pair-service-20260901","06EFCBA9520D478A6DAC7ABB7F09F3B63D015A0CD5ECA1EB4D0FD2CC8C38F9FD","cpp","hmail_perf_pair_cpp_20260831_head3","C:\hmail-perf-pair-service-20260901\cpp\Data","B3DF9E8BBF4BEDB1102C94DF7C86356E1FEABCBC02A18E8EABEB1EA1453D09B8",,,"one TCP client and one sequential IMAP session per sample","0","PASS","45FA907CE0D3797C1E13EBB2F03F076A25656CCE27E801C18F745ACD3944FBBD","5136EEC556F9790732AE759EF52F77FE6172329EA55787A80300C4A824107E46","1","77","True","False","3713.925",,"True","1000","True","True","1000","True"
"bdb0685f-dddb-4bfd-8d79-18b45c236313","MANIFEST_BOUND","hmail-perf-pair-service-20260901","06EFCBA9520D478A6DAC7ABB7F09F3B63D015A0CD5ECA1EB4D0FD2CC8C38F9FD","cpp","hmail_perf_pair_cpp_20260831_head3","C:\hmail-perf-pair-service-20260901\cpp\Data","B3DF9E8BBF4BEDB1102C94DF7C86356E1FEABCBC02A18E8EABEB1EA1453D09B8",,,"one TCP client and one sequential IMAP session per sample","0","PASS","45FA907CE0D3797C1E13EBB2F03F076A25656CCE27E801C18F745ACD3944FBBD","5136EEC556F9790732AE759EF52F77FE6172329EA55787A80300C4A824107E46","1","78","True","False","3763.543",,"True","1000","True","True","1000","True"
"bdb0685f-dddb-4bfd-8d79-18b45c236313","MANIFEST_BOUND","hmail-perf-pair-service-20260901","06EFCBA9520D478A6DAC7ABB7F09F3B63D015A0CD5ECA1EB4D0FD2CC8C38F9FD","cpp","hmail_perf_pair_cpp_20260831_head3","C:\hmail-perf-pair-service-20260901\cpp\Data","B3DF9E8BBF4BEDB1102C94DF7C86356E1FEABCBC02A18E8EABEB1EA1453D09B8",,,"one TCP client and one sequential IMAP session per sample","0","PASS","45FA907CE0D3797C1E13EBB2F03F076A25656CCE27E801C18F745ACD3944FBBD","5136EEC556F9790732AE759EF52F77FE6172329EA55787A80300C4A824107E46","1","79","True","False","3836.206",,"True","1000","True","True","1000","True"
"bdb0685f-dddb-4bfd-8d79-18b45c236313","MANIFEST_BOUND","hmail-perf-pair-service-20260901","06EFCBA9520D478A6DAC7ABB7F09F3B63D015A0CD5ECA1EB4D0FD2CC8C38F9FD","cpp","hmail_perf_pair_cpp_20260831_head3","C:\hmail-perf-pair-service-20260901\cpp\Data","B3DF9E8BBF4BEDB1102C94DF7C86356E1FEABCBC02A18E8EABEB1EA1453D09B8",,,"one TCP client and one sequential IMAP session per sample","0","PASS","45FA907CE0D3797C1E13EBB2F03F076A25656CCE27E801C18F745ACD3944FBBD","5136EEC556F9790732AE759EF52F77FE6172329EA55787A80300C4A824107E46","1","80","True","False","3943.201",,"True","1000","True","True","1000","True"
"bdb0685f-dddb-4bfd-8d79-18b45c236313","MANIFEST_BOUND","hmail-perf-pair-service-20260901","06EFCBA9520D478A6DAC7ABB7F09F3B63D015A0CD5ECA1EB4D0FD2CC8C38F9FD","cpp","hmail_perf_pair_cpp_20260831_head3","C:\hmail-perf-pair-service-20260901\cpp\Data","B3DF9E8BBF4BEDB1102C94DF7C86356E1FEABCBC02A18E8EABEB1EA1453D09B8",,,"one TCP client and one sequential IMAP session per sample","0","PASS","45FA907CE0D3797C1E13EBB2F03F076A25656CCE27E801C18F745ACD3944FBBD","5136EEC556F9790732AE759EF52F77FE6172329EA55787A80300C4A824107E46","1","81","True","False","3960.717",,"True","1000","True","True","1000","True"
"bdb0685f-dddb-4bfd-8d79-18b45c236313","MANIFEST_BOUND","hmail-perf-pair-service-20260901","06EFCBA9520D478A6DAC7ABB7F09F3B63D015A0CD5ECA1EB4D0FD2CC8C38F9FD","cpp","hmail_perf_pair_cpp_20260831_head3","C:\hmail-perf-pair-service-20260901\cpp\Data","B3DF9E8BBF4BEDB1102C94DF7C86356E1FEABCBC02A18E8EABEB1EA1453D09B8",,,"one TCP client and one sequential IMAP session per sample","0","PASS","45FA907CE0D3797C1E13EBB2F03F076A25656CCE27E801C18F745ACD3944FBBD","5136EEC556F9790732AE759EF52F77FE6172329EA55787A80300C4A824107E46","1","82","True","False","4031.07",,"True","1000","True","True","1000","True"
"bdb0685f-dddb-4bfd-8d79-18b45c236313","MANIFEST_BOUND","hmail-perf-pair-service-20260901","06EFCBA9520D478A6DAC7ABB7F09F3B63D015A0CD5ECA1EB4D0FD2CC8C38F9FD","cpp","hmail_perf_pair_cpp_20260831_head3","C:\hmail-perf-pair-service-20260901\cpp\Data","B3DF9E8BBF4BEDB1102C94DF7C86356E1FEABCBC02A18E8EABEB1EA1453D09B8",,,"one TCP client and one sequential IMAP session per sample","0","PASS","45FA907CE0D3797C1E13EBB2F03F076A25656CCE27E801C18F745ACD3944FBBD","5136EEC556F9790732AE759EF52F77FE6172329EA55787A80300C4A824107E46","1","83","True","False","4123.646",,"True","1000","True","True","1000","True"
"bdb0685f-dddb-4bfd-8d79-18b45c236313","MANIFEST_BOUND","hmail-perf-pair-service-20260901","06EFCBA9520D478A6DAC7ABB7F09F3B63D015A0CD5ECA1EB4D0FD2CC8C38F9FD","cpp","hmail_perf_pair_cpp_20260831_head3","C:\hmail-perf-pair-service-20260901\cpp\Data","B3DF9E8BBF4BEDB1102C94DF7C86356E1FEABCBC02A18E8EABEB1EA1453D09B8",,,"one TCP client and one sequential IMAP session per sample","0","PASS","45FA907CE0D3797C1E13EBB2F03F076A25656CCE27E801C18F745ACD3944FBBD","5136EEC556F9790732AE759EF52F77FE6172329EA55787A80300C4A824107E46","1","84","True","False","4109.565",,"True","1000","True","True","1000","True"
"bdb0685f-dddb-4bfd-8d79-18b45c236313","MANIFEST_BOUND","hmail-perf-pair-service-20260901","06EFCBA9520D478A6DAC7ABB7F09F3B63D015A0CD5ECA1EB4D0FD2CC8C38F9FD","cpp","hmail_perf_pair_cpp_20260831_head3","C:\hmail-perf-pair-service-20260901\cpp\Data","B3DF9E8BBF4BEDB1102C94DF7C86356E1FEABCBC02A18E8EABEB1EA1453D09B8",,,"one TCP client and one sequential IMAP session per sample","0","PASS","45FA907CE0D3797C1E13EBB2F03F076A25656CCE27E801C18F745ACD3944FBBD","5136EEC556F9790732AE759EF52F77FE6172329EA55787A80300C4A824107E46","1","85","True","False","4155.491",,"True","1000","True","True","1000","True"
"bdb0685f-dddb-4bfd-8d79-18b45c236313","MANIFEST_BOUND","hmail-perf-pair-service-20260901","06EFCBA9520D478A6DAC7ABB7F09F3B63D015A0CD5ECA1EB4D0FD2CC8C38F9FD","cpp","hmail_perf_pair_cpp_20260831_head3","C:\hmail-perf-pair-service-20260901\cpp\Data","B3DF9E8BBF4BEDB1102C94DF7C86356E1FEABCBC02A18E8EABEB1EA1453D09B8",,,"one TCP client and one sequential IMAP session per sample","0","PASS","45FA907CE0D3797C1E13EBB2F03F076A25656CCE27E801C18F745ACD3944FBBD","5136EEC556F9790732AE759EF52F77FE6172329EA55787A80300C4A824107E46","1","86","True","False","4106.665",,"True","1000","True","True","1000","True"
"bdb0685f-dddb-4bfd-8d79-18b45c236313","MANIFEST_BOUND","hmail-perf-pair-service-20260901","06EFCBA9520D478A6DAC7ABB7F09F3B63D015A0CD5ECA1EB4D0FD2CC8C38F9FD","cpp","hmail_perf_pair_cpp_20260831_head3","C:\hmail-perf-pair-service-20260901\cpp\Data","B3DF9E8BBF4BEDB1102C94DF7C86356E1FEABCBC02A18E8EABEB1EA1453D09B8",,,"one TCP client and one sequential IMAP session per sample","0","PASS","45FA907CE0D3797C1E13EBB2F03F076A25656CCE27E801C18F745ACD3944FBBD","5136EEC556F9790732AE759EF52F77FE6172329EA55787A80300C4A824107E46","1","87","True","False","4166.495",,"True","1000","True","True","1000","True"
"bdb0685f-dddb-4bfd-8d79-18b45c236313","MANIFEST_BOUND","hmail-perf-pair-service-20260901","06EFCBA9520D478A6DAC7ABB7F09F3B63D015A0CD5ECA1EB4D0FD2CC8C38F9FD","cpp","hmail_perf_pair_cpp_20260831_head3","C:\hmail-perf-pair-service-20260901\cpp\Data","B3DF9E8BBF4BEDB1102C94DF7C86356E1FEABCBC02A18E8EABEB1EA1453D09B8",,,"one TCP client and one sequential IMAP session per sample","0","PASS","45FA907CE0D3797C1E13EBB2F03F076A25656CCE27E801C18F745ACD3944FBBD","5136EEC556F9790732AE759EF52F77FE6172329EA55787A80300C4A824107E46","1","88","True","False","4195.516",,"True","1000","True","True","1000","True"
"bdb0685f-dddb-4bfd-8d79-18b45c236313","MANIFEST_BOUND","hmail-perf-pair-service-20260901","06EFCBA9520D478A6DAC7ABB7F09F3B63D015A0CD5ECA1EB4D0FD2CC8C38F9FD","cpp","hmail_perf_pair_cpp_20260831_head3","C:\hmail-perf-pair-service-20260901\cpp\Data","B3DF9E8BBF4BEDB1102C94DF7C86356E1FEABCBC02A18E8EABEB1EA1453D09B8",,,"one TCP client and one sequential IMAP session per sample","0","PASS","45FA907CE0D3797C1E13EBB2F03F076A25656CCE27E801C18F745ACD3944FBBD","5136EEC556F9790732AE759EF52F77FE6172329EA55787A80300C4A824107E46","1","89","True","False","4203.597",,"True","1000","True","True","1000","True"
"bdb0685f-dddb-4bfd-8d79-18b45c236313","MANIFEST_BOUND","hmail-perf-pair-service-20260901","06EFCBA9520D478A6DAC7ABB7F09F3B63D015A0CD5ECA1EB4D0FD2CC8C38F9FD","cpp","hmail_perf_pair_cpp_20260831_head3","C:\hmail-perf-pair-service-20260901\cpp\Data","B3DF9E8BBF4BEDB1102C94DF7C86356E1FEABCBC02A18E8EABEB1EA1453D09B8",,,"one TCP client and one sequential IMAP session per sample","0","PASS","45FA907CE0D3797C1E13EBB2F03F076A25656CCE27E801C18F745ACD3944FBBD","5136EEC556F9790732AE759EF52F77FE6172329EA55787A80300C4A824107E46","1","90","True","False","4260.082",,"True","1000","True","True","1000","True"
"bdb0685f-dddb-4bfd-8d79-18b45c236313","MANIFEST_BOUND","hmail-perf-pair-service-20260901","06EFCBA9520D478A6DAC7ABB7F09F3B63D015A0CD5ECA1EB4D0FD2CC8C38F9FD","cpp","hmail_perf_pair_cpp_20260831_head3","C:\hmail-perf-pair-service-20260901\cpp\Data","B3DF9E8BBF4BEDB1102C94DF7C86356E1FEABCBC02A18E8EABEB1EA1453D09B8",,,"one TCP client and one sequential IMAP session per sample","0","PASS","45FA907CE0D3797C1E13EBB2F03F076A25656CCE27E801C18F745ACD3944FBBD","5136EEC556F9790732AE759EF52F77FE6172329EA55787A80300C4A824107E46","1","91","True","False","4275.433",,"True","1000","True","True","1000","True"
"bdb0685f-dddb-4bfd-8d79-18b45c236313","MANIFEST_BOUND","hmail-perf-pair-service-20260901","06EFCBA9520D478A6DAC7ABB7F09F3B63D015A0CD5ECA1EB4D0FD2CC8C38F9FD","cpp","hmail_perf_pair_cpp_20260831_head3","C:\hmail-perf-pair-service-20260901\cpp\Data","B3DF9E8BBF4BEDB1102C94DF7C86356E1FEABCBC02A18E8EABEB1EA1453D09B8",,,"one TCP client and one sequential IMAP session per sample","0","PASS","45FA907CE0D3797C1E13EBB2F03F076A25656CCE27E801C18F745ACD3944FBBD","5136EEC556F9790732AE759EF52F77FE6172329EA55787A80300C4A824107E46","1","92","True","False","4292.097",,"True","1000","True","True","1000","True"
"bdb0685f-dddb-4bfd-8d79-18b45c236313","MANIFEST_BOUND","hmail-perf-pair-service-20260901","06EFCBA9520D478A6DAC7ABB7F09F3B63D015A0CD5ECA1EB4D0FD2CC8C38F9FD","cpp","hmail_perf_pair_cpp_20260831_head3","C:\hmail-perf-pair-service-20260901\cpp\Data","B3DF9E8BBF4BEDB1102C94DF7C86356E1FEABCBC02A18E8EABEB1EA1453D09B8",,,"one TCP client and one sequential IMAP session per sample","0","PASS","45FA907CE0D3797C1E13EBB2F03F076A25656CCE27E801C18F745ACD3944FBBD","5136EEC556F9790732AE759EF52F77FE6172329EA55787A80300C4A824107E46","1","93","True","False","4277.883",,"True","1000","True","True","1000","True"
"bdb0685f-dddb-4bfd-8d79-18b45c236313","MANIFEST_BOUND","hmail-perf-pair-service-20260901","06EFCBA9520D478A6DAC7ABB7F09F3B63D015A0CD5ECA1EB4D0FD2CC8C38F9FD","cpp","hmail_perf_pair_cpp_20260831_head3","C:\hmail-perf-pair-service-20260901\cpp\Data","B3DF9E8BBF4BEDB1102C94DF7C86356E1FEABCBC02A18E8EABEB1EA1453D09B8",,,"one TCP client and one sequential IMAP session per sample","0","PASS","45FA907CE0D3797C1E13EBB2F03F076A25656CCE27E801C18F745ACD3944FBBD","5136EEC556F9790732AE759EF52F77FE6172329EA55787A80300C4A824107E46","1","94","True","False","4317.201",,"True","1000","True","True","1000","True"
"bdb0685f-dddb-4bfd-8d79-18b45c236313","MANIFEST_BOUND","hmail-perf-pair-service-20260901","06EFCBA9520D478A6DAC7ABB7F09F3B63D015A0CD5ECA1EB4D0FD2CC8C38F9FD","cpp","hmail_perf_pair_cpp_20260831_head3","C:\hmail-perf-pair-service-20260901\cpp\Data","B3DF9E8BBF4BEDB1102C94DF7C86356E1FEABCBC02A18E8EABEB1EA1453D09B8",,,"one TCP client and one sequential IMAP session per sample","0","PASS","45FA907CE0D3797C1E13EBB2F03F076A25656CCE27E801C18F745ACD3944FBBD","5136EEC556F9790732AE759EF52F77FE6172329EA55787A80300C4A824107E46","1","95","True","False","4361.479",,"True","1000","True","True","1000","True"
"bdb0685f-dddb-4bfd-8d79-18b45c236313","MANIFEST_BOUND","hmail-perf-pair-service-20260901","06EFCBA9520D478A6DAC7ABB7F09F3B63D015A0CD5ECA1EB4D0FD2CC8C38F9FD","cpp","hmail_perf_pair_cpp_20260831_head3","C:\hmail-perf-pair-service-20260901\cpp\Data","B3DF9E8BBF4BEDB1102C94DF7C86356E1FEABCBC02A18E8EABEB1EA1453D09B8",,,"one TCP client and one sequential IMAP session per sample","0","PASS","45FA907CE0D3797C1E13EBB2F03F076A25656CCE27E801C18F745ACD3944FBBD","5136EEC556F9790732AE759EF52F77FE6172329EA55787A80300C4A824107E46","1","96","True","False","4353.894",,"True","1000","True","True","1000","True"
"bdb0685f-dddb-4bfd-8d79-18b45c236313","MANIFEST_BOUND","hmail-perf-pair-service-20260901","06EFCBA9520D478A6DAC7ABB7F09F3B63D015A0CD5ECA1EB4D0FD2CC8C38F9FD","cpp","hmail_perf_pair_cpp_20260831_head3","C:\hmail-perf-pair-service-20260901\cpp\Data","B3DF9E8BBF4BEDB1102C94DF7C86356E1FEABCBC02A18E8EABEB1EA1453D09B8",,,"one TCP client and one sequential IMAP session per sample","0","PASS","45FA907CE0D3797C1E13EBB2F03F076A25656CCE27E801C18F745ACD3944FBBD","5136EEC556F9790732AE759EF52F77FE6172329EA55787A80300C4A824107E46","1","97","True","False","4333.164",,"True","1000","True","True","1000","True"
"bdb0685f-dddb-4bfd-8d79-18b45c236313","MANIFEST_BOUND","hmail-perf-pair-service-20260901","06EFCBA9520D478A6DAC7ABB7F09F3B63D015A0CD5ECA1EB4D0FD2CC8C38F9FD","cpp","hmail_perf_pair_cpp_20260831_head3","C:\hmail-perf-pair-service-20260901\cpp\Data","B3DF9E8BBF4BEDB1102C94DF7C86356E1FEABCBC02A18E8EABEB1EA1453D09B8",,,"one TCP client and one sequential IMAP session per sample","0","PASS","45FA907CE0D3797C1E13EBB2F03F076A25656CCE27E801C18F745ACD3944FBBD","5136EEC556F9790732AE759EF52F77FE6172329EA55787A80300C4A824107E46","1","98","True","False","4363.16",,"True","1000","True","True","1000","True"
"bdb0685f-dddb-4bfd-8d79-18b45c236313","MANIFEST_BOUND","hmail-perf-pair-service-20260901","06EFCBA9520D478A6DAC7ABB7F09F3B63D015A0CD5ECA1EB4D0FD2CC8C38F9FD","cpp","hmail_perf_pair_cpp_20260831_head3","C:\hmail-perf-pair-service-20260901\cpp\Data","B3DF9E8BBF4BEDB1102C94DF7C86356E1FEABCBC02A18E8EABEB1EA1453D09B8",,,"one TCP client and one sequential IMAP session per sample","0","PASS","45FA907CE0D3797C1E13EBB2F03F076A25656CCE27E801C18F745ACD3944FBBD","5136EEC556F9790732AE759EF52F77FE6172329EA55787A80300C4A824107E46","1","99","True","False","4377.021",,"True","1000","True","True","1000","True"
"bdb0685f-dddb-4bfd-8d79-18b45c236313","MANIFEST_BOUND","hmail-perf-pair-service-20260901","06EFCBA9520D478A6DAC7ABB7F09F3B63D015A0CD5ECA1EB4D0FD2CC8C38F9FD","cpp","hmail_perf_pair_cpp_20260831_head3","C:\hmail-perf-pair-service-20260901\cpp\Data","B3DF9E8BBF4BEDB1102C94DF7C86356E1FEABCBC02A18E8EABEB1EA1453D09B8",,,"one TCP client and one sequential IMAP session per sample","0","PASS","45FA907CE0D3797C1E13EBB2F03F076A25656CCE27E801C18F745ACD3944FBBD","5136EEC556F9790732AE759EF52F77FE6172329EA55787A80300C4A824107E46","1","100","True","False","967.565",,"True","1000","True","True","1000","True"
