"runId","provenanceStatus","fixtureId","manifestSha256","implementation","database","dataRoot","executableSha256","runStartAttestationStatus","runStartDataSha256","runStartMessageSha256","scenario","sequence","ok","ms","error"
"f81e7aab-0215-49ba-bea9-0f85d3ae0a71","MANIFEST_BOUND","hmail-perf-pair-service-20260901","06EFCBA9520D478A6DAC7ABB7F09F3B63D015A0CD5ECA1EB4D0FD2CC8C38F9FD","net10","hmail_perf_pair_net10_20260831_head3","C:\hmail-perf-pair-service-20260901\net10\Data","393449EA88D8D3C63D044D759D715322FD07A6F365FB10F18C1F0F126C6B4675","PASS","45FA907CE0D3797C1E13EBB2F03F076A25656CCE27E801C18F745ACD3944FBBD","5136EEC556F9790732AE759EF52F77FE6172329EA55787A80300C4A824107E46","smtp-message-acceptance","1","True","101.524",
"f81e7aab-0215-49ba-bea9-0f85d3ae0a71","MANIFEST_BOUND","hmail-perf-pair-service-20260901","06EFCBA9520D478A6DAC7ABB7F09F3B63D015A0CD5ECA1EB4D0FD2CC8C38F9FD","net10","hmail_perf_pair_net10_20260831_head3","C:\hmail-perf-pair-service-20260901\net10\Data","393449EA88D8D3C63D044D759D715322FD07A6F365FB10F18C1F0F126C6B4675","PASS","45FA907CE0D3797C1E13EBB2F03F076A25656CCE27E801C18F745ACD3944FBBD","5136EEC556F9790732AE759EF52F77FE6172329EA55787A80300C4A824107E46","smtp-message-acceptance","2","True","63.163",
"f81e7aab-0215-49ba-bea9-0f85d3ae0a71","MANIFEST_BOUND","hmail-perf-pair-service-20260901","06EFCBA9520D478A6DAC7ABB7F09F3B63D015A0CD5ECA1EB4D0FD2CC8C38F9FD","net10","hmail_perf_pair_net10_20260831_head3","C:\hmail-perf-pair-service-20260901\net10\Data","393449EA88D8D3C63D044D759D715322FD07A6F365FB10F18C1F0F126C6B4675","PASS","45FA907CE0D3797C1E13EBB2F03F076A25656CCE27E801C18F745ACD3944FBBD","5136EEC556F9790732AE759EF52F77FE6172329EA55787A80300C4A824107E46","smtp-message-acceptance","3","True","5.498",
"f81e7aab-0215-49ba-bea9-0f85d3ae0a71","MANIFEST_BOUND","hmail-perf-pair-service-20260901","06EFCBA9520D478A6DAC7ABB7F09F3B63D015A0CD5ECA1EB4D0FD2CC8C38F9FD","net10","hmail_perf_pair_net10_20260831_head3","C:\hmail-perf-pair-service-20260901\net10\Data","393449EA88D8D3C63D044D759D715322FD07A6F365FB10F18C1F0F126C6B4675","PASS","45FA907CE0D3797C1E13EBB2F03F076A25656CCE27E801C18F745ACD3944FBBD","5136EEC556F9790732AE759EF52F77FE6172329EA55787A80300C4A824107E46","smtp-message-acceptance","4","True","4.97",
"f81e7aab-0215-49ba-bea9-0f85d3ae0a71","MANIFEST_BOUND","hmail-perf-pair-service-20260901","06EFCBA9520D478A6DAC7ABB7F09F3B63D015A0CD5ECA1EB4D0FD2CC8C38F9FD","net10","hmail_perf_pair_net10_20260831_head3","C:\hmail-perf-pair-service-20260901\net10\Data","393449EA88D8D3C63D044D759D715322FD07A6F365FB10F18C1F0F126C6B4675","PASS","45FA907CE0D3797C1E13EBB2F03F076A25656CCE27E801C18F745ACD3944FBBD","5136EEC556F9790732AE759EF52F77FE6172329EA55787A80300C4A824107E46","smtp-message-acceptance","5","True","6.365",
"f81e7aab-0215-49ba-bea9-0f85d3ae0a71","MANIFEST_BOUND","hmail-perf-pair-service-20260901","06EFCBA9520D478A6DAC7ABB7F09F3B63D015A0CD5ECA1EB4D0FD2CC8C38F9FD","net10","hmail_perf_pair_net10_20260831_head3","C:\hmail-perf-pair-service-20260901\net10\Data","393449EA88D8D3C63D044D759D715322FD07A6F365FB10F18C1F0F126C6B4675","PASS","45FA907CE0D3797C1E13EBB2F03F076A25656CCE27E801C18F745ACD3944FBBD","5136EEC556F9790732AE759EF52F77FE6172329EA55787A80300C4A824107E46","smtp-message-acceptance","6","True","5.541",
"f81e7aab-0215-49ba-bea9-0f85d3ae0a71","MANIFEST_BOUND","hmail-perf-pair-service-20260901","06EFCBA9520D478A6DAC7ABB7F09F3B63D015A0CD5ECA1EB4D0FD2CC8C38F9FD","net10","hmail_perf_pair_net10_20260831_head3","C:\hmail-perf-pair-service-20260901\net10\Data","393449EA88D8D3C63D044D759D715322FD07A6F365FB10F18C1F0F126C6B4675","PASS","45FA907CE0D3797C1E13EBB2F03F076A25656CCE27E801C18F745ACD3944FBBD","5136EEC556F9790732AE759EF52F77FE6172329EA55787A80300C4A824107E46","smtp-message-acceptance","7","True","6.165",
"f81e7aab-0215-49ba-bea9-0f85d3ae0a71","MANIFEST_BOUND","hmail-perf-pair-service-20260901","06EFCBA9520D478A6DAC7ABB7F09F3B63D015A0CD5ECA1EB4D0FD2CC8C38F9FD","net10","hmail_perf_pair_net10_20260831_head3","C:\hmail-perf-pair-service-20260901\net10\Data","393449EA88D8D3C63D044D759D715322FD07A6F365FB10F18C1F0F126C6B4675","PASS","45FA907CE0D3797C1E13EBB2F03F076A25656CCE27E801C18F745ACD3944FBBD","5136EEC556F9790732AE759EF52F77FE6172329EA55787A80300C4A824107E46","smtp-message-acceptance","8","True","5.393",
"f81e7aab-0215-49ba-bea9-0f85d3ae0a71","MANIFEST_BOUND","hmail-perf-pair-service-20260901","06EFCBA9520D478A6DAC7ABB7F09F3B63D015A0CD5ECA1EB4D0FD2CC8C38F9FD","net10","hmail_perf_pair_net10_20260831_head3","C:\hmail-perf-pair-service-20260901\net10\Data","393449EA88D8D3C63D044D759D715322FD07A6F365FB10F18C1F0F126C6B4675","PASS","45FA907CE0D3797C1E13EBB2F03F076A25656CCE27E801C18F745ACD3944FBBD","5136EEC556F9790732AE759EF52F77FE6172329EA55787A80300C4A824107E46","smtp-message-acceptance","9","True","5.558",
"f81e7aab-0215-49ba-bea9-0f85d3ae0a71","MANIFEST_BOUND","hmail-perf-pair-service-20260901","06EFCBA9520D478A6DAC7ABB7F09F3B63D015A0CD5ECA1EB4D0FD2CC8C38F9FD","net10","hmail_perf_pair_net10_20260831_head3","C:\hmail-perf-pair-service-20260901\net10\Data","393449EA88D8D3C63D044D759D715322FD07A6F365FB10F18C1F0F126C6B4675","PASS","45FA907CE0D3797C1E13EBB2F03F076A25656CCE27E801C18F745ACD3944FBBD","5136EEC556F9790732AE759EF52F77FE6172329EA55787A80300C4A824107E46","smtp-message-acceptance","10","True","9.376",
"f81e7aab-0215-49ba-bea9-0f85d3ae0a71","MANIFEST_BOUND","hmail-perf-pair-service-20260901","06EFCBA9520D478A6DAC7ABB7F09F3B63D015A0CD5ECA1EB4D0FD2CC8C38F9FD","net10","hmail_perf_pair_net10_20260831_head3","C:\hmail-perf-pair-service-20260901\net10\Data","393449EA88D8D3C63D044D759D715322FD07A6F365FB10F18C1F0F126C6B4675","PASS","45FA907CE0D3797C1E13EBB2F03F076A25656CCE27E801C18F745ACD3944FBBD","5136EEC556F9790732AE759EF52F77FE6172329EA55787A80300C4A824107E46","smtp-message-acceptance","11","True","8.564",
"f81e7aab-0215-49ba-bea9-0f85d3ae0a71","MANIFEST_BOUND","hmail-perf-pair-service-20260901","06EFCBA9520D478A6DAC7ABB7F09F3B63D015A0CD5ECA1EB4D0FD2CC8C38F9FD","net10","hmail_perf_pair_net10_20260831_head3","C:\hmail-perf-pair-service-20260901\net10\Data","393449EA88D8D3C63D044D759D715322FD07A6F365FB10F18C1F0F126C6B4675","PASS","45FA907CE0D3797C1E13EBB2F03F076A25656CCE27E801C18F745ACD3944FBBD","5136EEC556F9790732AE759EF52F77FE6172329EA55787A80300C4A824107E46","smtp-message-acceptance","12","True","4.649",
"f81e7aab-0215-49ba-bea9-0f85d3ae0a71","MANIFEST_BOUND","hmail-perf-pair-service-20260901","06EFCBA9520D478A6DAC7ABB7F09F3B63D015A0CD5ECA1EB4D0FD2CC8C38F9FD","net10","hmail_perf_pair_net10_20260831_head3","C:\hmail-perf-pair-service-20260901\net10\Data","393449EA88D8D3C63D044D759D715322FD07A6F365FB10F18C1F0F126C6B4675","PASS","45FA907CE0D3797C1E13EBB2F03F076A25656CCE27E801C18F745ACD3944FBBD","5136EEC556F9790732AE759EF52F77FE6172329EA55787A80300C4A824107E46","smtp-message-acceptance","13","True","5.45",
"f81e7aab-0215-49ba-bea9-0f85d3ae0a71","MANIFEST_BOUND","hmail-perf-pair-service-20260901","06EFCBA9520D478A6DAC7ABB7F09F3B63D015A0CD5ECA1EB4D0FD2CC8C38F9FD","net10","hmail_perf_pair_net10_20260831_head3","C:\hmail-perf-pair-service-20260901\net10\Data","393449EA88D8D3C63D044D759D715322FD07A6F365FB10F18C1F0F126C6B4675","PASS","45FA907CE0D3797C1E13EBB2F03F076A25656CCE27E801C18F745ACD3944FBBD","5136EEC556F9790732AE759EF52F77FE6172329EA55787A80300C4A824107E46","smtp-message-acceptance","14","True","7.493",
"f81e7aab-0215-49ba-bea9-0f85d3ae0a71","MANIFEST_BOUND","hmail-perf-pair-service-20260901","06EFCBA9520D478A6DAC7ABB7F09F3B63D015A0CD5ECA1EB4D0FD2CC8C38F9FD","net10","hmail_perf_pair_net10_20260831_head3","C:\hmail-perf-pair-service-20260901\net10\Data","393449EA88D8D3C63D044D759D715322FD07A6F365FB10F18C1F0F126C6B4675","PASS","45FA907CE0D3797C1E13EBB2F03F076A25656CCE27E801C18F745ACD3944FBBD","5136EEC556F9790732AE759EF52F77FE6172329EA55787A80300C4A824107E46","smtp-message-acceptance","15","True","5.077",
"f81e7aab-0215-49ba-bea9-0f85d3ae0a71","MANIFEST_BOUND","hmail-perf-pair-service-20260901","06EFCBA9520D478A6DAC7ABB7F09F3B63D015A0CD5ECA1EB4D0FD2CC8C38F9FD","net10","hmail_perf_pair_net10_20260831_head3","C:\hmail-perf-pair-service-20260901\net10\Data","393449EA88D8D3C63D044D759D715322FD07A6F365FB10F18C1F0F126C6B4675","PASS","45FA907CE0D3797C1E13EBB2F03F076A25656CCE27E801C18F745ACD3944FBBD","5136EEC556F9790732AE759EF52F77FE6172329EA55787A80300C4A824107E46","smtp-message-acceptance","16","True","5.389",
"f81e7aab-0215-49ba-bea9-0f85d3ae0a71","MANIFEST_BOUND","hmail-perf-pair-service-20260901","06EFCBA9520D478A6DAC7ABB7F09F3B63D015A0CD5ECA1EB4D0FD2CC8C38F9FD","net10","hmail_perf_pair_net10_20260831_head3","C:\hmail-perf-pair-service-20260901\net10\Data","393449EA88D8D3C63D044D759D715322FD07A6F365FB10F18C1F0F126C6B4675","PASS","45FA907CE0D3797C1E13EBB2F03F076A25656CCE27E801C18F745ACD3944FBBD","5136EEC556F9790732AE759EF52F77FE6172329EA55787A80300C4A824107E46","smtp-message-acceptance","17","True","5.482",
"f81e7aab-0215-49ba-bea9-0f85d3ae0a71","MANIFEST_BOUND","hmail-perf-pair-service-20260901","06EFCBA9520D478A6DAC7ABB7F09F3B63D015A0CD5ECA1EB4D0FD2CC8C38F9FD","net10","hmail_perf_pair_net10_20260831_head3","C:\hmail-perf-pair-service-20260901\net10\Data","393449EA88D8D3C63D044D759D715322FD07A6F365FB10F18C1F0F126C6B4675","PASS","45FA907CE0D3797C1E13EBB2F03F076A25656CCE27E801C18F745ACD3944FBBD","5136EEC556F9790732AE759EF52F77FE6172329EA55787A80300C4A824107E46","smtp-message-acceptance","18","True","4.909",
"f81e7aab-0215-49ba-bea9-0f85d3ae0a71","MANIFEST_BOUND","hmail-perf-pair-service-20260901","06EFCBA9520D478A6DAC7ABB7F09F3B63D015A0CD5ECA1EB4D0FD2CC8C38F9FD","net10","hmail_perf_pair_net10_20260831_head3","C:\hmail-perf-pair-service-20260901\net10\Data","393449EA88D8D3C63D044D759D715322FD07A6F365FB10F18C1F0F126C6B4675","PASS","45FA907CE0D3797C1E13EBB2F03F076A25656CCE27E801C18F745ACD3944FBBD","5136EEC556F9790732AE759EF52F77FE6172329EA55787A80300C4A824107E46","smtp-message-acceptance","19","True","4.627",
"f81e7aab-0215-49ba-bea9-0f85d3ae0a71","MANIFEST_BOUND","hmail-perf-pair-service-20260901","06EFCBA9520D478A6DAC7ABB7F09F3B63D015A0CD5ECA1EB4D0FD2CC8C38F9FD","net10","hmail_perf_pair_net10_20260831_head3","C:\hmail-perf-pair-service-20260901\net10\Data","393449EA88D8D3C63D044D759D715322FD07A6F365FB10F18C1F0F126C6B4675","PASS","45FA907CE0D3797C1E13EBB2F03F076A25656CCE27E801C18F745ACD3944FBBD","5136EEC556F9790732AE759EF52F77FE6172329EA55787A80300C4A824107E46","smtp-message-acceptance","20","True","5.253",
"f81e7aab-0215-49ba-bea9-0f85d3ae0a71","MANIFEST_BOUND","hmail-perf-pair-service-20260901","06EFCBA9520D478A6DAC7ABB7F09F3B63D015A0CD5ECA1EB4D0FD2CC8C38F9FD","net10","hmail_perf_pair_net10_20260831_head3","C:\hmail-perf-pair-service-20260901\net10\Data","393449EA88D8D3C63D044D759D715322FD07A6F365FB10F18C1F0F126C6B4675","PASS","45FA907CE0D3797C1E13EBB2F03F076A25656CCE27E801C18F745ACD3944FBBD","5136EEC556F9790732AE759EF52F77FE6172329EA55787A80300C4A824107E46","smtp-message-acceptance","21","True","4.733",
"f81e7aab-0215-49ba-bea9-0f85d3ae0a71","MANIFEST_BOUND","hmail-perf-pair-service-20260901","06EFCBA9520D478A6DAC7ABB7F09F3B63D015A0CD5ECA1EB4D0FD2CC8C38F9FD","net10","hmail_perf_pair_net10_20260831_head3","C:\hmail-perf-pair-service-20260901\net10\Data","393449EA88D8D3C63D044D759D715322FD07A6F365FB10F18C1F0F126C6B4675","PASS","45FA907CE0D3797C1E13EBB2F03F076A25656CCE27E801C18F745ACD3944FBBD","5136EEC556F9790732AE759EF52F77FE6172329EA55787A80300C4A824107E46","smtp-message-acceptance","22","True","5.278",
"f81e7aab-0215-49ba-bea9-0f85d3ae0a71","MANIFEST_BOUND","hmail-perf-pair-service-20260901","06EFCBA9520D478A6DAC7ABB7F09F3B63D015A0CD5ECA1EB4D0FD2CC8C38F9FD","net10","hmail_perf_pair_net10_20260831_head3","C:\hmail-perf-pair-service-20260901\net10\Data","393449EA88D8D3C63D044D759D715322FD07A6F365FB10F18C1F0F126C6B4675","PASS","45FA907CE0D3797C1E13EBB2F03F076A25656CCE27E801C18F745ACD3944FBBD","5136EEC556F9790732AE759EF52F77FE6172329EA55787A80300C4A824107E46","smtp-message-acceptance","23","True","4.964",
"f81e7aab-0215-49ba-bea9-0f85d3ae0a71","MANIFEST_BOUND","hmail-perf-pair-service-20260901","06EFCBA9520D478A6DAC7ABB7F09F3B63D015A0CD5ECA1EB4D0FD2CC8C38F9FD","net10","hmail_perf_pair_net10_20260831_head3","C:\hmail-perf-pair-service-20260901\net10\Data","393449EA88D8D3C63D044D759D715322FD07A6F365FB10F18C1F0F126C6B4675","PASS","45FA907CE0D3797C1E13EBB2F03F076A25656CCE27E801C18F745ACD3944FBBD","5136EEC556F9790732AE759EF52F77FE6172329EA55787A80300C4A824107E46","smtp-message-acceptance","24","True","4.898",
"f81e7aab-0215-49ba-bea9-0f85d3ae0a71","MANIFEST_BOUND","hmail-perf-pair-service-20260901","06EFCBA9520D478A6DAC7ABB7F09F3B63D015A0CD5ECA1EB4D0FD2CC8C38F9FD","net10","hmail_perf_pair_net10_20260831_head3","C:\hmail-perf-pair-service-20260901\net10\Data","393449EA88D8D3C63D044D759D715322FD07A6F365FB10F18C1F0F126C6B4675","PASS","45FA907CE0D3797C1E13EBB2F03F076A25656CCE27E801C18F745ACD3944FBBD","5136EEC556F9790732AE759EF52F77FE6172329EA55787A80300C4A824107E46","smtp-message-acceptance","25","True","4.941",
"f81e7aab-0215-49ba-bea9-0f85d3ae0a71","MANIFEST_BOUND","hmail-perf-pair-service-20260901","06EFCBA9520D478A6DAC7ABB7F09F3B63D015A0CD5ECA1EB4D0FD2CC8C38F9FD","net10","hmail_perf_pair_net10_20260831_head3","C:\hmail-perf-pair-service-20260901\net10\Data","393449EA88D8D3C63D044D759D715322FD07A6F365FB10F18C1F0F126C6B4675","PASS","45FA907CE0D3797C1E13EBB2F03F076A25656CCE27E801C18F745ACD3944FBBD","5136EEC556F9790732AE759EF52F77FE6172329EA55787A80300C4A824107E46","smtp-message-acceptance","26","True","5.296",
"f81e7aab-0215-49ba-bea9-0f85d3ae0a71","MANIFEST_BOUND","hmail-perf-pair-service-20260901","06EFCBA9520D478A6DAC7ABB7F09F3B63D015A0CD5ECA1EB4D0FD2CC8C38F9FD","net10","hmail_perf_pair_net10_20260831_head3","C:\hmail-perf-pair-service-20260901\net10\Data","393449EA88D8D3C63D044D759D715322FD07A6F365FB10F18C1F0F126C6B4675","PASS","45FA907CE0D3797C1E13EBB2F03F076A25656CCE27E801C18F745ACD3944FBBD","5136EEC556F9790732AE759EF52F77FE6172329EA55787A80300C4A824107E46","smtp-message-acceptance","27","True","4.723",
"f81e7aab-0215-49ba-bea9-0f85d3ae0a71","MANIFEST_BOUND","hmail-perf-pair-service-20260901","06EFCBA9520D478A6DAC7ABB7F09F3B63D015A0CD5ECA1EB4D0FD2CC8C38F9FD","net10","hmail_perf_pair_net10_20260831_head3","C:\hmail-perf-pair-service-20260901\net10\Data","393449EA88D8D3C63D044D759D715322FD07A6F365FB10F18C1F0F126C6B4675","PASS","45FA907CE0D3797C1E13EBB2F03F076A25656CCE27E801C18F745ACD3944FBBD","5136EEC556F9790732AE759EF52F77FE6172329EA55787A80300C4A824107E46","smtp-message-acceptance","28","True","5.296",
"f81e7aab-0215-49ba-bea9-0f85d3ae0a71","MANIFEST_BOUND","hmail-perf-pair-service-20260901","06EFCBA9520D478A6DAC7ABB7F09F3B63D015A0CD5ECA1EB4D0FD2CC8C38F9FD","net10","hmail_perf_pair_net10_20260831_head3","C:\hmail-perf-pair-service-20260901\net10\Data","393449EA88D8D3C63D044D759D715322FD07A6F365FB10F18C1F0F126C6B4675","PASS","45FA907CE0D3797C1E13EBB2F03F076A25656CCE27E801C18F745ACD3944FBBD","5136EEC556F9790732AE759EF52F77FE6172329EA55787A80300C4A824107E46","smtp-message-acceptance","29","True","4.549",
"f81e7aab-0215-49ba-bea9-0f85d3ae0a71","MANIFEST_BOUND","hmail-perf-pair-service-20260901","06EFCBA9520D478A6DAC7ABB7F09F3B63D015A0CD5ECA1EB4D0FD2CC8C38F9FD","net10","hmail_perf_pair_net10_20260831_head3","C:\hmail-perf-pair-service-20260901\net10\Data","393449EA88D8D3C63D044D759D715322FD07A6F365FB10F18C1F0F126C6B4675","PASS","45FA907CE0D3797C1E13EBB2F03F076A25656CCE27E801C18F745ACD3944FBBD","5136EEC556F9790732AE759EF52F77FE6172329EA55787A80300C4A824107E46","smtp-message-acceptance","30","True","11.368",
"f81e7aab-0215-49ba-bea9-0f85d3ae0a71","MANIFEST_BOUND","hmail-perf-pair-service-20260901","06EFCBA9520D478A6DAC7ABB7F09F3B63D015A0CD5ECA1EB4D0FD2CC8C38F9FD","net10","hmail_perf_pair_net10_20260831_head3","C:\hmail-perf-pair-service-20260901\net10\Data","393449EA88D8D3C63D044D759D715322FD07A6F365FB10F18C1F0F126C6B4675","PASS","45FA907CE0D3797C1E13EBB2F03F076A25656CCE27E801C18F745ACD3944FBBD","5136EEC556F9790732AE759EF52F77FE6172329EA55787A80300C4A824107E46","smtp-message-acceptance","31","True","9.524",
"f81e7aab-0215-49ba-bea9-0f85d3ae0a71","MANIFEST_BOUND","hmail-perf-pair-service-20260901","06EFCBA9520D478A6DAC7ABB7F09F3B63D015A0CD5ECA1EB4D0FD2CC8C38F9FD","net10","hmail_perf_pair_net10_20260831_head3","C:\hmail-perf-pair-service-20260901\net10\Data","393449EA88D8D3C63D044D759D715322FD07A6F365FB10F18C1F0F126C6B4675","PASS","45FA907CE0D3797C1E13EBB2F03F076A25656CCE27E801C18F745ACD3944FBBD","5136EEC556F9790732AE759EF52F77FE6172329EA55787A80300C4A824107E46","smtp-message-acceptance","32","True","5.184",
"f81e7aab-0215-49ba-bea9-0f85d3ae0a71","MANIFEST_BOUND","hmail-perf-pair-service-20260901","06EFCBA9520D478A6DAC7ABB7F09F3B63D015A0CD5ECA1EB4D0FD2CC8C38F9FD","net10","hmail_perf_pair_net10_20260831_head3","C:\hmail-perf-pair-service-20260901\net10\Data","393449EA88D8D3C63D044D759D715322FD07A6F365FB10F18C1F0F126C6B4675","PASS","45FA907CE0D3797C1E13EBB2F03F076A25656CCE27E801C18F745ACD3944FBBD","5136EEC556F9790732AE759EF52F77FE6172329EA55787A80300C4A824107E46","smtp-message-acceptance","33","True","7.26",
"f81e7aab-0215-49ba-bea9-0f85d3ae0a71","MANIFEST_BOUND","hmail-perf-pair-service-20260901","06EFCBA9520D478A6DAC7ABB7F09F3B63D015A0CD5ECA1EB4D0FD2CC8C38F9FD","net10","hmail_perf_pair_net10_20260831_head3","C:\hmail-perf-pair-service-20260901\net10\Data","393449EA88D8D3C63D044D759D715322FD07A6F365FB10F18C1F0F126C6B4675","PASS","45FA907CE0D3797C1E13EBB2F03F076A25656CCE27E801C18F745ACD3944FBBD","5136EEC556F9790732AE759EF52F77FE6172329EA55787A80300C4A824107E46","smtp-message-acceptance","34","True","5.669",
"f81e7aab-0215-49ba-bea9-0f85d3ae0a71","MANIFEST_BOUND","hmail-perf-pair-service-20260901","06EFCBA9520D478A6DAC7ABB7F09F3B63D015A0CD5ECA1EB4D0FD2CC8C38F9FD","net10","hmail_perf_pair_net10_20260831_head3","C:\hmail-perf-pair-service-20260901\net10\Data","393449EA88D8D3C63D044D759D715322FD07A6F365FB10F18C1F0F126C6B4675","PASS","45FA907CE0D3797C1E13EBB2F03F076A25656CCE27E801C18F745ACD3944FBBD","5136EEC556F9790732AE759EF52F77FE6172329EA55787A80300C4A824107E46","smtp-message-acceptance","35","True","5.36",
"f81e7aab-0215-49ba-bea9-0f85d3ae0a71","MANIFEST_BOUND","hmail-perf-pair-service-20260901","06EFCBA9520D478A6DAC7ABB7F09F3B63D015A0CD5ECA1EB4D0FD2CC8C38F9FD","net10","hmail_perf_pair_net10_20260831_head3","C:\hmail-perf-pair-service-20260901\net10\Data","393449EA88D8D3C63D044D759D715322FD07A6F365FB10F18C1F0F126C6B4675","PASS","45FA907CE0D3797C1E13EBB2F03F076A25656CCE27E801C18F745ACD3944FBBD","5136EEC556F9790732AE759EF52F77FE6172329EA55787A80300C4A824107E46","smtp-message-acceptance","36","True","5.001",
"f81e7aab-0215-49ba-bea9-0f85d3ae0a71","MANIFEST_BOUND","hmail-perf-pair-service-20260901","06EFCBA9520D478A6DAC7ABB7F09F3B63D015A0CD5ECA1EB4D0FD2CC8C38F9FD","net10","hmail_perf_pair_net10_20260831_head3","C:\hmail-perf-pair-service-20260901\net10\Data","393449EA88D8D3C63D044D759D715322FD07A6F365FB10F18C1F0F126C6B4675","PASS","45FA907CE0D3797C1E13EBB2F03F076A25656CCE27E801C18F745ACD3944FBBD","5136EEC556F9790732AE759EF52F77FE6172329EA55787A80300C4A824107E46","smtp-message-acceptance","37","True","4.799",
"f81e7aab-0215-49ba-bea9-0f85d3ae0a71","MANIFEST_BOUND","hmail-perf-pair-service-20260901","06EFCBA9520D478A6DAC7ABB7F09F3B63D015A0CD5ECA1EB4D0FD2CC8C38F9FD","net10","hmail_perf_pair_net10_20260831_head3","C:\hmail-perf-pair-service-20260901\net10\Data","393449EA88D8D3C63D044D759D715322FD07A6F365FB10F18C1F0F126C6B4675","PASS","45FA907CE0D3797C1E13EBB2F03F076A25656CCE27E801C18F745ACD3944FBBD","5136EEC556F9790732AE759EF52F77FE6172329EA55787A80300C4A824107E46","smtp-message-acceptance","38","True","4.99",
"f81e7aab-0215-49ba-bea9-0f85d3ae0a71","MANIFEST_BOUND","hmail-perf-pair-service-20260901","06EFCBA9520D478A6DAC7ABB7F09F3B63D015A0CD5ECA1EB4D0FD2CC8C38F9FD","net10","hmail_perf_pair_net10_20260831_head3","C:\hmail-perf-pair-service-20260901\net10\Data","393449EA88D8D3C63D044D759D715322FD07A6F365FB10F18C1F0F126C6B4675","PASS","45FA907CE0D3797C1E13EBB2F03F076A25656CCE27E801C18F745ACD3944FBBD","5136EEC556F9790732AE759EF52F77FE6172329EA55787A80300C4A824107E46","smtp-message-acceptance","39","True","4.824",
"f81e7aab-0215-49ba-bea9-0f85d3ae0a71","MANIFEST_BOUND","hmail-perf-pair-service-20260901","06EFCBA9520D478A6DAC7ABB7F09F3B63D015A0CD5ECA1EB4D0FD2CC8C38F9FD","net10","hmail_perf_pair_net10_20260831_head3","C:\hmail-perf-pair-service-20260901\net10\Data","393449EA88D8D3C63D044D759D715322FD07A6F365FB10F18C1F0F126C6B4675","PASS","45FA907CE0D3797C1E13EBB2F03F076A25656CCE27E801C18F745ACD3944FBBD","5136EEC556F9790732AE759EF52F77FE6172329EA55787A80300C4A824107E46","smtp-message-acceptance","40","True","4.125",
"f81e7aab-0215-49ba-bea9-0f85d3ae0a71","MANIFEST_BOUND","hmail-perf-pair-service-20260901","06EFCBA9520D478A6DAC7ABB7F09F3B63D015A0CD5ECA1EB4D0FD2CC8C38F9FD","net10","hmail_perf_pair_net10_20260831_head3","C:\hmail-perf-pair-service-20260901\net10\Data","393449EA88D8D3C63D044D759D715322FD07A6F365FB10F18C1F0F126C6B4675","PASS","45FA907CE0D3797C1E13EBB2F03F076A25656CCE27E801C18F745ACD3944FBBD","5136EEC556F9790732AE759EF52F77FE6172329EA55787A80300C4A824107E46","smtp-message-acceptance","41","True","4.379",
"f81e7aab-0215-49ba-bea9-0f85d3ae0a71","MANIFEST_BOUND","hmail-perf-pair-service-20260901","06EFCBA9520D478A6DAC7ABB7F09F3B63D015A0CD5ECA1EB4D0FD2CC8C38F9FD","net10","hmail_perf_pair_net10_20260831_head3","C:\hmail-perf-pair-service-20260901\net10\Data","393449EA88D8D3C63D044D759D715322FD07A6F365FB10F18C1F0F126C6B4675","PASS","45FA907CE0D3797C1E13EBB2F03F076A25656CCE27E801C18F745ACD3944FBBD","5136EEC556F9790732AE759EF52F77FE6172329EA55787A80300C4A824107E46","smtp-message-acceptance","42","True","4.532",
"f81e7aab-0215-49ba-bea9-0f85d3ae0a71","MANIFEST_BOUND","hmail-perf-pair-service-20260901","06EFCBA9520D478A6DAC7ABB7F09F3B63D015A0CD5ECA1EB4D0FD2CC8C38F9FD","net10","hmail_perf_pair_net10_20260831_head3","C:\hmail-perf-pair-service-20260901\net10\Data","393449EA88D8D3C63D044D759D715322FD07A6F365FB10F18C1F0F126C6B4675","PASS","45FA907CE0D3797C1E13EBB2F03F076A25656CCE27E801C18F745ACD3944FBBD","5136EEC556F9790732AE759EF52F77FE6172329EA55787A80300C4A824107E46","smtp-message-acceptance","43","True","4.281",
"f81e7aab-0215-49ba-bea9-0f85d3ae0a71","MANIFEST_BOUND","hmail-perf-pair-service-20260901","06EFCBA9520D478A6DAC7ABB7F09F3B63D015A0CD5ECA1EB4D0FD2CC8C38F9FD","net10","hmail_perf_pair_net10_20260831_head3","C:\hmail-perf-pair-service-20260901\net10\Data","393449EA88D8D3C63D044D759D715322FD07A6F365FB10F18C1F0F126C6B4675","PASS","45FA907CE0D3797C1E13EBB2F03F076A25656CCE27E801C18F745ACD3944FBBD","5136EEC556F9790732AE759EF52F77FE6172329EA55787A80300C4A824107E46","smtp-message-acceptance","44","True","4.129",
"f81e7aab-0215-49ba-bea9-0f85d3ae0a71","MANIFEST_BOUND","hmail-perf-pair-service-20260901","06EFCBA9520D478A6DAC7ABB7F09F3B63D015A0CD5ECA1EB4D0FD2CC8C38F9FD","net10","hmail_perf_pair_net10_20260831_head3","C:\hmail-perf-pair-service-20260901\net10\Data","393449EA88D8D3C63D044D759D715322FD07A6F365FB10F18C1F0F126C6B4675","PASS","45FA907CE0D3797C1E13EBB2F03F076A25656CCE27E801C18F745ACD3944FBBD","5136EEC556F9790732AE759EF52F77FE6172329EA55787A80300C4A824107E46","smtp-message-acceptance","45","True","4.624",
"f81e7aab-0215-49ba-bea9-0f85d3ae0a71","MANIFEST_BOUND","hmail-perf-pair-service-20260901","06EFCBA9520D478A6DAC7ABB7F09F3B63D015A0CD5ECA1EB4D0FD2CC8C38F9FD","net10","hmail_perf_pair_net10_20260831_head3","C:\hmail-perf-pair-service-20260901\net10\Data","393449EA88D8D3C63D044D759D715322FD07A6F365FB10F18C1F0F126C6B4675","PASS","45FA907CE0D3797C1E13EBB2F03F076A25656CCE27E801C18F745ACD3944FBBD","5136EEC556F9790732AE759EF52F77FE6172329EA55787A80300C4A824107E46","smtp-message-acceptance","46","True","4.857",
"f81e7aab-0215-49ba-bea9-0f85d3ae0a71","MANIFEST_BOUND","hmail-perf-pair-service-20260901","06EFCBA9520D478A6DAC7ABB7F09F3B63D015A0CD5ECA1EB4D0FD2CC8C38F9FD","net10","hmail_perf_pair_net10_20260831_head3","C:\hmail-perf-pair-service-20260901\net10\Data","393449EA88D8D3C63D044D759D715322FD07A6F365FB10F18C1F0F126C6B4675","PASS","45FA907CE0D3797C1E13EBB2F03F076A25656CCE27E801C18F745ACD3944FBBD","5136EEC556F9790732AE759EF52F77FE6172329EA55787A80300C4A824107E46","smtp-message-acceptance","47","True","4.956",
"f81e7aab-0215-49ba-bea9-0f85d3ae0a71","MANIFEST_BOUND","hmail-perf-pair-service-20260901","06EFCBA9520D478A6DAC7ABB7F09F3B63D015A0CD5ECA1EB4D0FD2CC8C38F9FD","net10","hmail_perf_pair_net10_20260831_head3","C:\hmail-perf-pair-service-20260901\net10\Data","393449EA88D8D3C63D044D759D715322FD07A6F365FB10F18C1F0F126C6B4675","PASS","45FA907CE0D3797C1E13EBB2F03F076A25656CCE27E801C18F745ACD3944FBBD","5136EEC556F9790732AE759EF52F77FE6172329EA55787A80300C4A824107E46","smtp-message-acceptance","48","True","4.915",
"f81e7aab-0215-49ba-bea9-0f85d3ae0a71","MANIFEST_BOUND","hmail-perf-pair-service-20260901","06EFCBA9520D478A6DAC7ABB7F09F3B63D015A0CD5ECA1EB4D0FD2CC8C38F9FD","net10","hmail_perf_pair_net10_20260831_head3","C:\hmail-perf-pair-service-20260901\net10\Data","393449EA88D8D3C63D044D759D715322FD07A6F365FB10F18C1F0F126C6B4675","PASS","45FA907CE0D3797C1E13EBB2F03F076A25656CCE27E801C18F745ACD3944FBBD","5136EEC556F9790732AE759EF52F77FE6172329EA55787A80300C4A824107E46","smtp-message-acceptance","49","True","5.504",
"f81e7aab-0215-49ba-bea9-0f85d3ae0a71","MANIFEST_BOUND","hmail-perf-pair-service-20260901","06EFCBA9520D478A6DAC7ABB7F09F3B63D015A0CD5ECA1EB4D0FD2CC8C38F9FD","net10","hmail_perf_pair_net10_20260831_head3","C:\hmail-perf-pair-service-20260901\net10\Data","393449EA88D8D3C63D044D759D715322FD07A6F365FB10F18C1F0F126C6B4675","PASS","45FA907CE0D3797C1E13EBB2F03F076A25656CCE27E801C18F745ACD3944FBBD","5136EEC556F9790732AE759EF52F77FE6172329EA55787A80300C4A824107E46","smtp-message-acceptance","50","True","4.519",
"f81e7aab-0215-49ba-bea9-0f85d3ae0a71","MANIFEST_BOUND","hmail-perf-pair-service-20260901","06EFCBA9520D478A6DAC7ABB7F09F3B63D015A0CD5ECA1EB4D0FD2CC8C38F9FD","net10","hmail_perf_pair_net10_20260831_head3","C:\hmail-perf-pair-service-20260901\net10\Data","393449EA88D8D3C63D044D759D715322FD07A6F365FB10F18C1F0F126C6B4675","PASS","45FA907CE0D3797C1E13EBB2F03F076A25656CCE27E801C18F745ACD3944FBBD","5136EEC556F9790732AE759EF52F77FE6172329EA55787A80300C4A824107E46","smtp-message-acceptance","51","True","4.287",
"f81e7aab-0215-49ba-bea9-0f85d3ae0a71","MANIFEST_BOUND","hmail-perf-pair-service-20260901","06EFCBA9520D478A6DAC7ABB7F09F3B63D015A0CD5ECA1EB4D0FD2CC8C38F9FD","net10","hmail_perf_pair_net10_20260831_head3","C:\hmail-perf-pair-service-20260901\net10\Data","393449EA88D8D3C63D044D759D715322FD07A6F365FB10F18C1F0F126C6B4675","PASS","45FA907CE0D3797C1E13EBB2F03F076A25656CCE27E801C18F745ACD3944FBBD","5136EEC556F9790732AE759EF52F77FE6172329EA55787A80300C4A824107E46","smtp-message-acceptance","52","True","4.471",
"f81e7aab-0215-49ba-bea9-0f85d3ae0a71","MANIFEST_BOUND","hmail-perf-pair-service-20260901","06EFCBA9520D478A6DAC7ABB7F09F3B63D015A0CD5ECA1EB4D0FD2CC8C38F9FD","net10","hmail_perf_pair_net10_20260831_head3","C:\hmail-perf-pair-service-20260901\net10\Data","393449EA88D8D3C63D044D759D715322FD07A6F365FB10F18C1F0F126C6B4675","PASS","45FA907CE0D3797C1E13EBB2F03F076A25656CCE27E801C18F745ACD3944FBBD","5136EEC556F9790732AE759EF52F77FE6172329EA55787A80300C4A824107E46","smtp-message-acceptance","53","True","4.698",
"f81e7aab-0215-49ba-bea9-0f85d3ae0a71","MANIFEST_BOUND","hmail-perf-pair-service-20260901","06EFCBA9520D478A6DAC7ABB7F09F3B63D015A0CD5ECA1EB4D0FD2CC8C38F9FD","net10","hmail_perf_pair_net10_20260831_head3","C:\hmail-perf-pair-service-20260901\net10\Data","393449EA88D8D3C63D044D759D715322FD07A6F365FB10F18C1F0F126C6B4675","PASS","45FA907CE0D3797C1E13EBB2F03F076A25656CCE27E801C18F745ACD3944FBBD","5136EEC556F9790732AE759EF52F77FE6172329EA55787A80300C4A824107E46","smtp-message-acceptance","54","True","4.198",
"f81e7aab-0215-49ba-bea9-0f85d3ae0a71","MANIFEST_BOUND","hmail-perf-pair-service-20260901","06EFCBA9520D478A6DAC7ABB7F09F3B63D015A0CD5ECA1EB4D0FD2CC8C38F9FD","net10","hmail_perf_pair_net10_20260831_head3","C:\hmail-perf-pair-service-20260901\net10\Data","393449EA88D8D3C63D044D759D715322FD07A6F365FB10F18C1F0F126C6B4675","PASS","45FA907CE0D3797C1E13EBB2F03F076A25656CCE27E801C18F745ACD3944FBBD","5136EEC556F9790732AE759EF52F77FE6172329EA55787A80300C4A824107E46","smtp-message-acceptance","55","True","5.369",
"f81e7aab-0215-49ba-bea9-0f85d3ae0a71","MANIFEST_BOUND","hmail-perf-pair-service-20260901","06EFCBA9520D478A6DAC7ABB7F09F3B63D015A0CD5ECA1EB4D0FD2CC8C38F9FD","net10","hmail_perf_pair_net10_20260831_head3","C:\hmail-perf-pair-service-20260901\net10\Data","393449EA88D8D3C63D044D759D715322FD07A6F365FB10F18C1F0F126C6B4675","PASS","45FA907CE0D3797C1E13EBB2F03F076A25656CCE27E801C18F745ACD3944FBBD","5136EEC556F9790732AE759EF52F77FE6172329EA55787A80300C4A824107E46","smtp-message-acceptance","56","True","4.52",
"f81e7aab-0215-49ba-bea9-0f85d3ae0a71","MANIFEST_BOUND","hmail-perf-pair-service-20260901","06EFCBA9520D478A6DAC7ABB7F09F3B63D015A0CD5ECA1EB4D0FD2CC8C38F9FD","net10","hmail_perf_pair_net10_20260831_head3","C:\hmail-perf-pair-service-20260901\net10\Data","393449EA88D8D3C63D044D759D715322FD07A6F365FB10F18C1F0F126C6B4675","PASS","45FA907CE0D3797C1E13EBB2F03F076A25656CCE27E801C18F745ACD3944FBBD","5136EEC556F9790732AE759EF52F77FE6172329EA55787A80300C4A824107E46","smtp-message-acceptance","57","True","4.837",
"f81e7aab-0215-49ba-bea9-0f85d3ae0a71","MANIFEST_BOUND","hmail-perf-pair-service-20260901","06EFCBA9520D478A6DAC7ABB7F09F3B63D015A0CD5ECA1EB4D0FD2CC8C38F9FD","net10","hmail_perf_pair_net10_20260831_head3","C:\hmail-perf-pair-service-20260901\net10\Data","393449EA88D8D3C63D044D759D715322FD07A6F365FB10F18C1F0F126C6B4675","PASS","45FA907CE0D3797C1E13EBB2F03F076A25656CCE27E801C18F745ACD3944FBBD","5136EEC556F9790732AE759EF52F77FE6172329EA55787A80300C4A824107E46","smtp-message-acceptance","58","True","4.36",
"f81e7aab-0215-49ba-bea9-0f85d3ae0a71","MANIFEST_BOUND","hmail-perf-pair-service-20260901","06EFCBA9520D478A6DAC7ABB7F09F3B63D015A0CD5ECA1EB4D0FD2CC8C38F9FD","net10","hmail_perf_pair_net10_20260831_head3","C:\hmail-perf-pair-service-20260901\net10\Data","393449EA88D8D3C63D044D759D715322FD07A6F365FB10F18C1F0F126C6B4675","PASS","45FA907CE0D3797C1E13EBB2F03F076A25656CCE27E801C18F745ACD3944FBBD","5136EEC556F9790732AE759EF52F77FE6172329EA55787A80300C4A824107E46","smtp-message-acceptance","59","True","3.971",
"f81e7aab-0215-49ba-bea9-0f85d3ae0a71","MANIFEST_BOUND","hmail-perf-pair-service-20260901","06EFCBA9520D478A6DAC7ABB7F09F3B63D015A0CD5ECA1EB4D0FD2CC8C38F9FD","net10","hmail_perf_pair_net10_20260831_head3","C:\hmail-perf-pair-service-20260901\net10\Data","393449EA88D8D3C63D044D759D715322FD07A6F365FB10F18C1F0F126C6B4675","PASS","45FA907CE0D3797C1E13EBB2F03F076A25656CCE27E801C18F745ACD3944FBBD","5136EEC556F9790732AE759EF52F77FE6172329EA55787A80300C4A824107E46","smtp-message-acceptance","60","True","4.058",
"f81e7aab-0215-49ba-bea9-0f85d3ae0a71","MANIFEST_BOUND","hmail-perf-pair-service-20260901","06EFCBA9520D478A6DAC7ABB7F09F3B63D015A0CD5ECA1EB4D0FD2CC8C38F9FD","net10","hmail_perf_pair_net10_20260831_head3","C:\hmail-perf-pair-service-20260901\net10\Data","393449EA88D8D3C63D044D759D715322FD07A6F365FB10F18C1F0F126C6B4675","PASS","45FA907CE0D3797C1E13EBB2F03F076A25656CCE27E801C18F745ACD3944FBBD","5136EEC556F9790732AE759EF52F77FE6172329EA55787A80300C4A824107E46","smtp-message-acceptance","61","True","4.04",
"f81e7aab-0215-49ba-bea9-0f85d3ae0a71","MANIFEST_BOUND","hmail-perf-pair-service-20260901","06EFCBA9520D478A6DAC7ABB7F09F3B63D015A0CD5ECA1EB4D0FD2CC8C38F9FD","net10","hmail_perf_pair_net10_20260831_head3","C:\hmail-perf-pair-service-20260901\net10\Data","393449EA88D8D3C63D044D759D715322FD07A6F365FB10F18C1F0F126C6B4675","PASS","45FA907CE0D3797C1E13EBB2F03F076A25656CCE27E801C18F745ACD3944FBBD","5136EEC556F9790732AE759EF52F77FE6172329EA55787A80300C4A824107E46","smtp-message-acceptance","62","True","4.997",
"f81e7aab-0215-49ba-bea9-0f85d3ae0a71","MANIFEST_BOUND","hmail-perf-pair-service-20260901","06EFCBA9520D478A6DAC7ABB7F09F3B63D015A0CD5ECA1EB4D0FD2CC8C38F9FD","net10","hmail_perf_pair_net10_20260831_head3","C:\hmail-perf-pair-service-20260901\net10\Data","393449EA88D8D3C63D044D759D715322FD07A6F365FB10F18C1F0F126C6B4675","PASS","45FA907CE0D3797C1E13EBB2F03F076A25656CCE27E801C18F745ACD3944FBBD","5136EEC556F9790732AE759EF52F77FE6172329EA55787A80300C4A824107E46","smtp-message-acceptance","63","True","4.478",
"f81e7aab-0215-49ba-bea9-0f85d3ae0a71","MANIFEST_BOUND","hmail-perf-pair-service-20260901","06EFCBA9520D478A6DAC7ABB7F09F3B63D015A0CD5ECA1EB4D0FD2CC8C38F9FD","net10","hmail_perf_pair_net10_20260831_head3","C:\hmail-perf-pair-service-20260901\net10\Data","393449EA88D8D3C63D044D759D715322FD07A6F365FB10F18C1F0F126C6B4675","PASS","45FA907CE0D3797C1E13EBB2F03F076A25656CCE27E801C18F745ACD3944FBBD","5136EEC556F9790732AE759EF52F77FE6172329EA55787A80300C4A824107E46","smtp-message-acceptance","64","True","4.312",
"f81e7aab-0215-49ba-bea9-0f85d3ae0a71","MANIFEST_BOUND","hmail-perf-pair-service-20260901","06EFCBA9520D478A6DAC7ABB7F09F3B63D015A0CD5ECA1EB4D0FD2CC8C38F9FD","net10","hmail_perf_pair_net10_20260831_head3","C:\hmail-perf-pair-service-20260901\net10\Data","393449EA88D8D3C63D044D759D715322FD07A6F365FB10F18C1F0F126C6B4675","PASS","45FA907CE0D3797C1E13EBB2F03F076A25656CCE27E801C18F745ACD3944FBBD","5136EEC556F9790732AE759EF52F77FE6172329EA55787A80300C4A824107E46","smtp-message-acceptance","65","True","4.49",
"f81e7aab-0215-49ba-bea9-0f85d3ae0a71","MANIFEST_BOUND","hmail-perf-pair-service-20260901","06EFCBA9520D478A6DAC7ABB7F09F3B63D015A0CD5ECA1EB4D0FD2CC8C38F9FD","net10","hmail_perf_pair_net10_20260831_head3","C:\hmail-perf-pair-service-20260901\net10\Data","393449EA88D8D3C63D044D759D715322FD07A6F365FB10F18C1F0F126C6B4675","PASS","45FA907CE0D3797C1E13EBB2F03F076A25656CCE27E801C18F745ACD3944FBBD","5136EEC556F9790732AE759EF52F77FE6172329EA55787A80300C4A824107E46","smtp-message-acceptance","66","True","4.285",
"f81e7aab-0215-49ba-bea9-0f85d3ae0a71","MANIFEST_BOUND","hmail-perf-pair-service-20260901","06EFCBA9520D478A6DAC7ABB7F09F3B63D015A0CD5ECA1EB4D0FD2CC8C38F9FD","net10","hmail_perf_pair_net10_20260831_head3","C:\hmail-perf-pair-service-20260901\net10\Data","393449EA88D8D3C63D044D759D715322FD07A6F365FB10F18C1F0F126C6B4675","PASS","45FA907CE0D3797C1E13EBB2F03F076A25656CCE27E801C18F745ACD3944FBBD","5136EEC556F9790732AE759EF52F77FE6172329EA55787A80300C4A824107E46","smtp-message-acceptance","67","True","4.8",
"f81e7aab-0215-49ba-bea9-0f85d3ae0a71","MANIFEST_BOUND","hmail-perf-pair-service-20260901","06EFCBA9520D478A6DAC7ABB7F09F3B63D015A0CD5ECA1EB4D0FD2CC8C38F9FD","net10","hmail_perf_pair_net10_20260831_head3","C:\hmail-perf-pair-service-20260901\net10\Data","393449EA88D8D3C63D044D759D715322FD07A6F365FB10F18C1F0F126C6B4675","PASS","45FA907CE0D3797C1E13EBB2F03F076A25656CCE27E801C18F745ACD3944FBBD","5136EEC556F9790732AE759EF52F77FE6172329EA55787A80300C4A824107E46","smtp-message-acceptance","68","True","4.346",
"f81e7aab-0215-49ba-bea9-0f85d3ae0a71","MANIFEST_BOUND","hmail-perf-pair-service-20260901","06EFCBA9520D478A6DAC7ABB7F09F3B63D015A0CD5ECA1EB4D0FD2CC8C38F9FD","net10","hmail_perf_pair_net10_20260831_head3","C:\hmail-perf-pair-service-20260901\net10\Data","393449EA88D8D3C63D044D759D715322FD07A6F365FB10F18C1F0F126C6B4675","PASS","45FA907CE0D3797C1E13EBB2F03F076A25656CCE27E801C18F745ACD3944FBBD","5136EEC556F9790732AE759EF52F77FE6172329EA55787A80300C4A824107E46","smtp-message-acceptance","69","True","4.502",
"f81e7aab-0215-49ba-bea9-0f85d3ae0a71","MANIFEST_BOUND","hmail-perf-pair-service-20260901","06EFCBA9520D478A6DAC7ABB7F09F3B63D015A0CD5ECA1EB4D0FD2CC8C38F9FD","net10","hmail_perf_pair_net10_20260831_head3","C:\hmail-perf-pair-service-20260901\net10\Data","393449EA88D8D3C63D044D759D715322FD07A6F365FB10F18C1F0F126C6B4675","PASS","45FA907CE0D3797C1E13EBB2F03F076A25656CCE27E801C18F745ACD3944FBBD","5136EEC556F9790732AE759EF52F77FE6172329EA55787A80300C4A824107E46","smtp-message-acceptance","70","True","4.088",
"f81e7aab-0215-49ba-bea9-0f85d3ae0a71","MANIFEST_BOUND","hmail-perf-pair-service-20260901","06EFCBA9520D478A6DAC7ABB7F09F3B63D015A0CD5ECA1EB4D0FD2CC8C38F9FD","net10","hmail_perf_pair_net10_20260831_head3","C:\hmail-perf-pair-service-20260901\net10\Data","393449EA88D8D3C63D044D759D715322FD07A6F365FB10F18C1F0F126C6B4675","PASS","45FA907CE0D3797C1E13EBB2F03F076A25656CCE27E801C18F745ACD3944FBBD","5136EEC556F9790732AE759EF52F77FE6172329EA55787A80300C4A824107E46","smtp-message-acceptance","71","True","4.413",
"f81e7aab-0215-49ba-bea9-0f85d3ae0a71","MANIFEST_BOUND","hmail-perf-pair-service-20260901","06EFCBA9520D478A6DAC7ABB7F09F3B63D015A0CD5ECA1EB4D0FD2CC8C38F9FD","net10","hmail_perf_pair_net10_20260831_head3","C:\hmail-perf-pair-service-20260901\net10\Data","393449EA88D8D3C63D044D759D715322FD07A6F365FB10F18C1F0F126C6B4675","PASS","45FA907CE0D3797C1E13EBB2F03F076A25656CCE27E801C18F745ACD3944FBBD","5136EEC556F9790732AE759EF52F77FE6172329EA55787A80300C4A824107E46","smtp-message-acceptance","72","True","5.212",
"f81e7aab-0215-49ba-bea9-0f85d3ae0a71","MANIFEST_BOUND","hmail-perf-pair-service-20260901","06EFCBA9520D478A6DAC7ABB7F09F3B63D015A0CD5ECA1EB4D0FD2CC8C38F9FD","net10","hmail_perf_pair_net10_20260831_head3","C:\hmail-perf-pair-service-20260901\net10\Data","393449EA88D8D3C63D044D759D715322FD07A6F365FB10F18C1F0F126C6B4675","PASS","45FA907CE0D3797C1E13EBB2F03F076A25656CCE27E801C18F745ACD3944FBBD","5136EEC556F9790732AE759EF52F77FE6172329EA55787A80300C4A824107E46","smtp-message-acceptance","73","True","3.658",
"f81e7aab-0215-49ba-bea9-0f85d3ae0a71","MANIFEST_BOUND","hmail-perf-pair-service-20260901","06EFCBA9520D478A6DAC7ABB7F09F3B63D015A0CD5ECA1EB4D0FD2CC8C38F9FD","net10","hmail_perf_pair_net10_20260831_head3","C:\hmail-perf-pair-service-20260901\net10\Data","393449EA88D8D3C63D044D759D715322FD07A6F365FB10F18C1F0F126C6B4675","PASS","45FA907CE0D3797C1E13EBB2F03F076A25656CCE27E801C18F745ACD3944FBBD","5136EEC556F9790732AE759EF52F77FE6172329EA55787A80300C4A824107E46","smtp-message-acceptance","74","True","4.35",
"f81e7aab-0215-49ba-bea9-0f85d3ae0a71","MANIFEST_BOUND","hmail-perf-pair-service-20260901","06EFCBA9520D478A6DAC7ABB7F09F3B63D015A0CD5ECA1EB4D0FD2CC8C38F9FD","net10","hmail_perf_pair_net10_20260831_head3","C:\hmail-perf-pair-service-20260901\net10\Data","393449EA88D8D3C63D044D759D715322FD07A6F365FB10F18C1F0F126C6B4675","PASS","45FA907CE0D3797C1E13EBB2F03F076A25656CCE27E801C18F745ACD3944FBBD","5136EEC556F9790732AE759EF52F77FE6172329EA55787A80300C4A824107E46","smtp-message-acceptance","75","True","3.841",
"f81e7aab-0215-49ba-bea9-0f85d3ae0a71","MANIFEST_BOUND","hmail-perf-pair-service-20260901","06EFCBA9520D478A6DAC7ABB7F09F3B63D015A0CD5ECA1EB4D0FD2CC8C38F9FD","net10","hmail_perf_pair_net10_20260831_head3","C:\hmail-perf-pair-service-20260901\net10\Data","393449EA88D8D3C63D044D759D715322FD07A6F365FB10F18C1F0F126C6B4675","PASS","45FA907CE0D3797C1E13EBB2F03F076A25656CCE27E801C18F745ACD3944FBBD","5136EEC556F9790732AE759EF52F77FE6172329EA55787A80300C4A824107E46","smtp-message-acceptance","76","True","3.787",
"f81e7aab-0215-49ba-bea9-0f85d3ae0a71","MANIFEST_BOUND","hmail-perf-pair-service-20260901","06EFCBA9520D478A6DAC7ABB7F09F3B63D015A0CD5ECA1EB4D0FD2CC8C38F9FD","net10","hmail_perf_pair_net10_20260831_head3","C:\hmail-perf-pair-service-20260901\net10\Data","393449EA88D8D3C63D044D759D715322FD07A6F365FB10F18C1F0F126C6B4675","PASS","45FA907CE0D3797C1E13EBB2F03F076A25656CCE27E801C18F745ACD3944FBBD","5136EEC556F9790732AE759EF52F77FE6172329EA55787A80300C4A824107E46","smtp-message-acceptance","77","True","4.343",
"f81e7aab-0215-49ba-bea9-0f85d3ae0a71","MANIFEST_BOUND","hmail-perf-pair-service-20260901","06EFCBA9520D478A6DAC7ABB7F09F3B63D015A0CD5ECA1EB4D0FD2CC8C38F9FD","net10","hmail_perf_pair_net10_20260831_head3","C:\hmail-perf-pair-service-20260901\net10\Data","393449EA88D8D3C63D044D759D715322FD07A6F365FB10F18C1F0F126C6B4675","PASS","45FA907CE0D3797C1E13EBB2F03F076A25656CCE27E801C18F745ACD3944FBBD","5136EEC556F9790732AE759EF52F77FE6172329EA55787A80300C4A824107E46","smtp-message-acceptance","78","True","5.185",
"f81e7aab-0215-49ba-bea9-0f85d3ae0a71","MANIFEST_BOUND","hmail-perf-pair-service-20260901","06EFCBA9520D478A6DAC7ABB7F09F3B63D015A0CD5ECA1EB4D0FD2CC8C38F9FD","net10","hmail_perf_pair_net10_20260831_head3","C:\hmail-perf-pair-service-20260901\net10\Data","393449EA88D8D3C63D044D759D715322FD07A6F365FB10F18C1F0F126C6B4675","PASS","45FA907CE0D3797C1E13EBB2F03F076A25656CCE27E801C18F745ACD3944FBBD","5136EEC556F9790732AE759EF52F77FE6172329EA55787A80300C4A824107E46","smtp-message-acceptance","79","True","4.281",
"f81e7aab-0215-49ba-bea9-0f85d3ae0a71","MANIFEST_BOUND","hmail-perf-pair-service-20260901","06EFCBA9520D478A6DAC7ABB7F09F3B63D015A0CD5ECA1EB4D0FD2CC8C38F9FD","net10","hmail_perf_pair_net10_20260831_head3","C:\hmail-perf-pair-service-20260901\net10\Data","393449EA88D8D3C63D044D759D715322FD07A6F365FB10F18C1F0F126C6B4675","PASS","45FA907CE0D3797C1E13EBB2F03F076A25656CCE27E801C18F745ACD3944FBBD","5136EEC556F9790732AE759EF52F77FE6172329EA55787A80300C4A824107E46","smtp-message-acceptance","80","True","4.033",
"f81e7aab-0215-49ba-bea9-0f85d3ae0a71","MANIFEST_BOUND","hmail-perf-pair-service-20260901","06EFCBA9520D478A6DAC7ABB7F09F3B63D015A0CD5ECA1EB4D0FD2CC8C38F9FD","net10","hmail_perf_pair_net10_20260831_head3","C:\hmail-perf-pair-service-20260901\net10\Data","393449EA88D8D3C63D044D759D715322FD07A6F365FB10F18C1F0F126C6B4675","PASS","45FA907CE0D3797C1E13EBB2F03F076A25656CCE27E801C18F745ACD3944FBBD","5136EEC556F9790732AE759EF52F77FE6172329EA55787A80300C4A824107E46","smtp-message-acceptance","81","True","4.636",
"f81e7aab-0215-49ba-bea9-0f85d3ae0a71","MANIFEST_BOUND","hmail-perf-pair-service-20260901","06EFCBA9520D478A6DAC7ABB7F09F3B63D015A0CD5ECA1EB4D0FD2CC8C38F9FD","net10","hmail_perf_pair_net10_20260831_head3","C:\hmail-perf-pair-service-20260901\net10\Data","393449EA88D8D3C63D044D759D715322FD07A6F365FB10F18C1F0F126C6B4675","PASS","45FA907CE0D3797C1E13EBB2F03F076A25656CCE27E801C18F745ACD3944FBBD","5136EEC556F9790732AE759EF52F77FE6172329EA55787A80300C4A824107E46","smtp-message-acceptance","82","True","4.298",
"f81e7aab-0215-49ba-bea9-0f85d3ae0a71","MANIFEST_BOUND","hmail-perf-pair-service-20260901","06EFCBA9520D478A6DAC7ABB7F09F3B63D015A0CD5ECA1EB4D0FD2CC8C38F9FD","net10","hmail_perf_pair_net10_20260831_head3","C:\hmail-perf-pair-service-20260901\net10\Data","393449EA88D8D3C63D044D759D715322FD07A6F365FB10F18C1F0F126C6B4675","PASS","45FA907CE0D3797C1E13EBB2F03F076A25656CCE27E801C18F745ACD3944FBBD","5136EEC556F9790732AE759EF52F77FE6172329EA55787A80300C4A824107E46","smtp-message-acceptance","83","True","4.484",
"f81e7aab-0215-49ba-bea9-0f85d3ae0a71","MANIFEST_BOUND","hmail-perf-pair-service-20260901","06EFCBA9520D478A6DAC7ABB7F09F3B63D015A0CD5ECA1EB4D0FD2CC8C38F9FD","net10","hmail_perf_pair_net10_20260831_head3","C:\hmail-perf-pair-service-20260901\net10\Data","393449EA88D8D3C63D044D759D715322FD07A6F365FB10F18C1F0F126C6B4675","PASS","45FA907CE0D3797C1E13EBB2F03F076A25656CCE27E801C18F745ACD3944FBBD","5136EEC556F9790732AE759EF52F77FE6172329EA55787A80300C4A824107E46","smtp-message-acceptance","84","True","4.894",
"f81e7aab-0215-49ba-bea9-0f85d3ae0a71","MANIFEST_BOUND","hmail-perf-pair-service-20260901","06EFCBA9520D478A6DAC7ABB7F09F3B63D015A0CD5ECA1EB4D0FD2CC8C38F9FD","net10","hmail_perf_pair_net10_20260831_head3","C:\hmail-perf-pair-service-20260901\net10\Data","393449EA88D8D3C63D044D759D715322FD07A6F365FB10F18C1F0F126C6B4675","PASS","45FA907CE0D3797C1E13EBB2F03F076A25656CCE27E801C18F745ACD3944FBBD","5136EEC556F9790732AE759EF52F77FE6172329EA55787A80300C4A824107E46","smtp-message-acceptance","85","True","4.56",
"f81e7aab-0215-49ba-bea9-0f85d3ae0a71","MANIFEST_BOUND","hmail-perf-pair-service-20260901","06EFCBA9520D478A6DAC7ABB7F09F3B63D015A0CD5ECA1EB4D0FD2CC8C38F9FD","net10","hmail_perf_pair_net10_20260831_head3","C:\hmail-perf-pair-service-20260901\net10\Data","393449EA88D8D3C63D044D759D715322FD07A6F365FB10F18C1F0F126C6B4675","PASS","45FA907CE0D3797C1E13EBB2F03F076A25656CCE27E801C18F745ACD3944FBBD","5136EEC556F9790732AE759EF52F77FE6172329EA55787A80300C4A824107E46","smtp-message-acceptance","86","True","3.704",
"f81e7aab-0215-49ba-bea9-0f85d3ae0a71","MANIFEST_BOUND","hmail-perf-pair-service-20260901","06EFCBA9520D478A6DAC7ABB7F09F3B63D015A0CD5ECA1EB4D0FD2CC8C38F9FD","net10","hmail_perf_pair_net10_20260831_head3","C:\hmail-perf-pair-service-20260901\net10\Data","393449EA88D8D3C63D044D759D715322FD07A6F365FB10F18C1F0F126C6B4675","PASS","45FA907CE0D3797C1E13EBB2F03F076A25656CCE27E801C18F745ACD3944FBBD","5136EEC556F9790732AE759EF52F77FE6172329EA55787A80300C4A824107E46","smtp-message-acceptance","87","True","4.291",
"f81e7aab-0215-49ba-bea9-0f85d3ae0a71","MANIFEST_BOUND","hmail-perf-pair-service-20260901","06EFCBA9520D478A6DAC7ABB7F09F3B63D015A0CD5ECA1EB4D0FD2CC8C38F9FD","net10","hmail_perf_pair_net10_20260831_head3","C:\hmail-perf-pair-service-20260901\net10\Data","393449EA88D8D3C63D044D759D715322FD07A6F365FB10F18C1F0F126C6B4675","PASS","45FA907CE0D3797C1E13EBB2F03F076A25656CCE27E801C18F745ACD3944FBBD","5136EEC556F9790732AE759EF52F77FE6172329EA55787A80300C4A824107E46","smtp-message-acceptance","88","True","4.845",
"f81e7aab-0215-49ba-bea9-0f85d3ae0a71","MANIFEST_BOUND","hmail-perf-pair-service-20260901","06EFCBA9520D478A6DAC7ABB7F09F3B63D015A0CD5ECA1EB4D0FD2CC8C38F9FD","net10","hmail_perf_pair_net10_20260831_head3","C:\hmail-perf-pair-service-20260901\net10\Data","393449EA88D8D3C63D044D759D715322FD07A6F365FB10F18C1F0F126C6B4675","PASS","45FA907CE0D3797C1E13EBB2F03F076A25656CCE27E801C18F745ACD3944FBBD","5136EEC556F9790732AE759EF52F77FE6172329EA55787A80300C4A824107E46","smtp-message-acceptance","89","True","4.642",
"f81e7aab-0215-49ba-bea9-0f85d3ae0a71","MANIFEST_BOUND","hmail-perf-pair-service-20260901","06EFCBA9520D478A6DAC7ABB7F09F3B63D015A0CD5ECA1EB4D0FD2CC8C38F9FD","net10","hmail_perf_pair_net10_20260831_head3","C:\hmail-perf-pair-service-20260901\net10\Data","393449EA88D8D3C63D044D759D715322FD07A6F365FB10F18C1F0F126C6B4675","PASS","45FA907CE0D3797C1E13EBB2F03F076A25656CCE27E801C18F745ACD3944FBBD","5136EEC556F9790732AE759EF52F77FE6172329EA55787A80300C4A824107E46","smtp-message-acceptance","90","True","4.106",
"f81e7aab-0215-49ba-bea9-0f85d3ae0a71","MANIFEST_BOUND","hmail-perf-pair-service-20260901","06EFCBA9520D478A6DAC7ABB7F09F3B63D015A0CD5ECA1EB4D0FD2CC8C38F9FD","net10","hmail_perf_pair_net10_20260831_head3","C:\hmail-perf-pair-service-20260901\net10\Data","393449EA88D8D3C63D044D759D715322FD07A6F365FB10F18C1F0F126C6B4675","PASS","45FA907CE0D3797C1E13EBB2F03F076A25656CCE27E801C18F745ACD3944FBBD","5136EEC556F9790732AE759EF52F77FE6172329EA55787A80300C4A824107E46","smtp-message-acceptance","91","True","4.565",
"f81e7aab-0215-49ba-bea9-0f85d3ae0a71","MANIFEST_BOUND","hmail-perf-pair-service-20260901","06EFCBA9520D478A6DAC7ABB7F09F3B63D015A0CD5ECA1EB4D0FD2CC8C38F9FD","net10","hmail_perf_pair_net10_20260831_head3","C:\hmail-perf-pair-service-20260901\net10\Data","393449EA88D8D3C63D044D759D715322FD07A6F365FB10F18C1F0F126C6B4675","PASS","45FA907CE0D3797C1E13EBB2F03F076A25656CCE27E801C18F745ACD3944FBBD","5136EEC556F9790732AE759EF52F77FE6172329EA55787A80300C4A824107E46","smtp-message-acceptance","92","True","4.243",
"f81e7aab-0215-49ba-bea9-0f85d3ae0a71","MANIFEST_BOUND","hmail-perf-pair-service-20260901","06EFCBA9520D478A6DAC7ABB7F09F3B63D015A0CD5ECA1EB4D0FD2CC8C38F9FD","net10","hmail_perf_pair_net10_20260831_head3","C:\hmail-perf-pair-service-20260901\net10\Data","393449EA88D8D3C63D044D759D715322FD07A6F365FB10F18C1F0F126C6B4675","PASS","45FA907CE0D3797C1E13EBB2F03F076A25656CCE27E801C18F745ACD3944FBBD","5136EEC556F9790732AE759EF52F77FE6172329EA55787A80300C4A824107E46","smtp-message-acceptance","93","True","4.731",
"f81e7aab-0215-49ba-bea9-0f85d3ae0a71","MANIFEST_BOUND","hmail-perf-pair-service-20260901","06EFCBA9520D478A6DAC7ABB7F09F3B63D015A0CD5ECA1EB4D0FD2CC8C38F9FD","net10","hmail_perf_pair_net10_20260831_head3","C:\hmail-perf-pair-service-20260901\net10\Data","393449EA88D8D3C63D044D759D715322FD07A6F365FB10F18C1F0F126C6B4675","PASS","45FA907CE0D3797C1E13EBB2F03F076A25656CCE27E801C18F745ACD3944FBBD","5136EEC556F9790732AE759EF52F77FE6172329EA55787A80300C4A824107E46","smtp-message-acceptance","94","True","4.733",
"f81e7aab-0215-49ba-bea9-0f85d3ae0a71","MANIFEST_BOUND","hmail-perf-pair-service-20260901","06EFCBA9520D478A6DAC7ABB7F09F3B63D015A0CD5ECA1EB4D0FD2CC8C38F9FD","net10","hmail_perf_pair_net10_20260831_head3","C:\hmail-perf-pair-service-20260901\net10\Data","393449EA88D8D3C63D044D759D715322FD07A6F365FB10F18C1F0F126C6B4675","PASS","45FA907CE0D3797C1E13EBB2F03F076A25656CCE27E801C18F745ACD3944FBBD","5136EEC556F9790732AE759EF52F77FE6172329EA55787A80300C4A824107E46","smtp-message-acceptance","95","True","4.709",
"f81e7aab-0215-49ba-bea9-0f85d3ae0a71","MANIFEST_BOUND","hmail-perf-pair-service-20260901","06EFCBA9520D478A6DAC7ABB7F09F3B63D015A0CD5ECA1EB4D0FD2CC8C38F9FD","net10","hmail_perf_pair_net10_20260831_head3","C:\hmail-perf-pair-service-20260901\net10\Data","393449EA88D8D3C63D044D759D715322FD07A6F365FB10F18C1F0F126C6B4675","PASS","45FA907CE0D3797C1E13EBB2F03F076A25656CCE27E801C18F745ACD3944FBBD","5136EEC556F9790732AE759EF52F77FE6172329EA55787A80300C4A824107E46","smtp-message-acceptance","96","True","4.2",
"f81e7aab-0215-49ba-bea9-0f85d3ae0a71","MANIFEST_BOUND","hmail-perf-pair-service-20260901","06EFCBA9520D478A6DAC7ABB7F09F3B63D015A0CD5ECA1EB4D0FD2CC8C38F9FD","net10","hmail_perf_pair_net10_20260831_head3","C:\hmail-perf-pair-service-20260901\net10\Data","393449EA88D8D3C63D044D759D715322FD07A6F365FB10F18C1F0F126C6B4675","PASS","45FA907CE0D3797C1E13EBB2F03F076A25656CCE27E801C18F745ACD3944FBBD","5136EEC556F9790732AE759EF52F77FE6172329EA55787A80300C4A824107E46","smtp-message-acceptance","97","True","3.839",
"f81e7aab-0215-49ba-bea9-0f85d3ae0a71","MANIFEST_BOUND","hmail-perf-pair-service-20260901","06EFCBA9520D478A6DAC7ABB7F09F3B63D015A0CD5ECA1EB4D0FD2CC8C38F9FD","net10","hmail_perf_pair_net10_20260831_head3","C:\hmail-perf-pair-service-20260901\net10\Data","393449EA88D8D3C63D044D759D715322FD07A6F365FB10F18C1F0F126C6B4675","PASS","45FA907CE0D3797C1E13EBB2F03F076A25656CCE27E801C18F745ACD3944FBBD","5136EEC556F9790732AE759EF52F77FE6172329EA55787A80300C4A824107E46","smtp-message-acceptance","98","True","4.158",
"f81e7aab-0215-49ba-bea9-0f85d3ae0a71","MANIFEST_BOUND","hmail-perf-pair-service-20260901","06EFCBA9520D478A6DAC7ABB7F09F3B63D015A0CD5ECA1EB4D0FD2CC8C38F9FD","net10","hmail_perf_pair_net10_20260831_head3","C:\hmail-perf-pair-service-20260901\net10\Data","393449EA88D8D3C63D044D759D715322FD07A6F365FB10F18C1F0F126C6B4675","PASS","45FA907CE0D3797C1E13EBB2F03F076A25656CCE27E801C18F745ACD3944FBBD","5136EEC556F9790732AE759EF52F77FE6172329EA55787A80300C4A824107E46","smtp-message-acceptance","99","True","4.384",
"f81e7aab-0215-49ba-bea9-0f85d3ae0a71","MANIFEST_BOUND","hmail-perf-pair-service-20260901","06EFCBA9520D478A6DAC7ABB7F09F3B63D015A0CD5ECA1EB4D0FD2CC8C38F9FD","net10","hmail_perf_pair_net10_20260831_head3","C:\hmail-perf-pair-service-20260901\net10\Data","393449EA88D8D3C63D044D759D715322FD07A6F365FB10F18C1F0F126C6B4675","PASS","45FA907CE0D3797C1E13EBB2F03F076A25656CCE27E801C18F745ACD3944FBBD","5136EEC556F9790732AE759EF52F77FE6172329EA55787A80300C4A824107E46","smtp-message-acceptance","100","True","3.84",
