"runId","provenanceStatus","fixtureId","manifestSha256","implementation","database","dataRoot","executableSha256","scenario","iteration","ok","ms","error","searchResponseIdentifier","searchResultCount","searchExactSequence","sortResponseIdentifier","sortResultCount","sortExactSequence"
"7a1d56e4-0c4c-4d9d-b4aa-8f4e0d8e6c01","MANIFEST_BOUND","hmail-perf-pair-provenance5-20260828","473290E591EC64BFB01BE9361A354CF0D99FEE43B1E19201C7F891EBDD457B11","cpp","hmail_perf_pair_cpp_provenance5_20260828","C:\hmail-perf-pair-provenance5-20260828\cpp\Data","2DE1AA51367268CECA019365B14AF7237EA00AAED1360C6793BA381879E3E9B1","smtp","1","True","20.586","",,,,,,
"7a1d56e4-0c4c-4d9d-b4aa-8f4e0d8e6c01","MANIFEST_BOUND","hmail-perf-pair-provenance5-20260828","473290E591EC64BFB01BE9361A354CF0D99FEE43B1E19201C7F891EBDD457B11","cpp","hmail_perf_pair_cpp_provenance5_20260828","C:\hmail-perf-pair-provenance5-20260828\cpp\Data","2DE1AA51367268CECA019365B14AF7237EA00AAED1360C6793BA381879E3E9B1","smtp","2","True","3.935","",,,,,,
"7a1d56e4-0c4c-4d9d-b4aa-8f4e0d8e6c01","MANIFEST_BOUND","hmail-perf-pair-provenance5-20260828","473290E591EC64BFB01BE9361A354CF0D99FEE43B1E19201C7F891EBDD457B11","cpp","hmail_perf_pair_cpp_provenance5_20260828","C:\hmail-perf-pair-provenance5-20260828\cpp\Data","2DE1AA51367268CECA019365B14AF7237EA00AAED1360C6793BA381879E3E9B1","smtp","3","True","2.866","",,,,,,
"7a1d56e4-0c4c-4d9d-b4aa-8f4e0d8e6c01","MANIFEST_BOUND","hmail-perf-pair-provenance5-20260828","473290E591EC64BFB01BE9361A354CF0D99FEE43B1E19201C7F891EBDD457B11","cpp","hmail_perf_pair_cpp_provenance5_20260828","C:\hmail-perf-pair-provenance5-20260828\cpp\Data","2DE1AA51367268CECA019365B14AF7237EA00AAED1360C6793BA381879E3E9B1","imap","1","True","353.571",,"SEARCH","1000","True","SORT","1000","True"
"7a1d56e4-0c4c-4d9d-b4aa-8f4e0d8e6c01","MANIFEST_BOUND","hmail-perf-pair-provenance5-20260828","473290E591EC64BFB01BE9361A354CF0D99FEE43B1E19201C7F891EBDD457B11","cpp","hmail_perf_pair_cpp_provenance5_20260828","C:\hmail-perf-pair-provenance5-20260828\cpp\Data","2DE1AA51367268CECA019365B14AF7237EA00AAED1360C6793BA381879E3E9B1","imap","2","True","183.776",,"SEARCH","1000","True","SORT","1000","True"
"7a1d56e4-0c4c-4d9d-b4aa-8f4e0d8e6c01","MANIFEST_BOUND","hmail-perf-pair-provenance5-20260828","473290E591EC64BFB01BE9361A354CF0D99FEE43B1E19201C7F891EBDD457B11","cpp","hmail_perf_pair_cpp_provenance5_20260828","C:\hmail-perf-pair-provenance5-20260828\cpp\Data","2DE1AA51367268CECA019365B14AF7237EA00AAED1360C6793BA381879E3E9B1","imap","3","True","174.626",,"SEARCH","1000","True","SORT","1000","True"
"7a1d56e4-0c4c-4d9d-b4aa-8f4e0d8e6c01","MANIFEST_BOUND","hmail-perf-pair-provenance5-20260828","473290E591EC64BFB01BE9361A354CF0D99FEE43B1E19201C7F891EBDD457B11","cpp","hmail_perf_pair_cpp_provenance5_20260828","C:\hmail-perf-pair-provenance5-20260828\cpp\Data","2DE1AA51367268CECA019365B14AF7237EA00AAED1360C6793BA381879E3E9B1","pop3","1","True","7.077","",,,,,,
"7a1d56e4-0c4c-4d9d-b4aa-8f4e0d8e6c01","MANIFEST_BOUND","hmail-perf-pair-provenance5-20260828","473290E591EC64BFB01BE9361A354CF0D99FEE43B1E19201C7F891EBDD457B11","cpp","hmail_perf_pair_cpp_provenance5_20260828","C:\hmail-perf-pair-provenance5-20260828\cpp\Data","2DE1AA51367268CECA019365B14AF7237EA00AAED1360C6793BA381879E3E9B1","pop3","2","True","5.724","",,,,,,
"7a1d56e4-0c4c-4d9d-b4aa-8f4e0d8e6c01","MANIFEST_BOUND","hmail-perf-pair-provenance5-20260828","473290E591EC64BFB01BE9361A354CF0D99FEE43B1E19201C7F891EBDD457B11","cpp","hmail_perf_pair_cpp_provenance5_20260828","C:\hmail-perf-pair-provenance5-20260828\cpp\Data","2DE1AA51367268CECA019365B14AF7237EA00AAED1360C6793BA381879E3E9B1","pop3","3","True","5.271","",,,,,,
